id_doc,nombre_documento,ano_creacion,mes_creacion,diseno_edicion,impresor,tipologia,formato_publicacion,encuadernacion_publicacion,digital,archivo_txt,ruta_txt,dim_cerrado_ancho,dim_cerrado_largo,num_modulos,area_cerrado,paleta_rgb,id_img_fk,Escanear,Notas
1,Juan Antonio Roda,1972,Noviembre,,Arte Moderno & Cía Ltda,"Programa de mano, Catálogo",Cuadernillo ,Caballete,1,,,22,22.3,20,490.6,,d89.pdf,,
2,La Obra Gráfica de Lorenzo Homar,1972,Septiembre,,Arte Moderno & Cía Ltda,"Programa de mano, Catálogo",Plegable,,1,,,16.8,25,8,420,,d91.pdf,,
3,Grabados de artistas británicos,1972,Abril,,Canal Ramirez Antares,"Programa de mano, Catálogo",Cuadernillo,Caballete,1,,,137,21,16,2877,,d87.pdf,,
4,Eduardo Ramirez Villamizar,1972,Mayo,Al Hamonaway. New york,"Publicaciones cultural, Bogotá","Programa de mano, Catálogo",Librillo,Encolado,1,,,21,21,31,441,,d85.pdf,,
5,Grabados de Peter Milton,1972,Febrero,Ediciones Museo La Tertulia,,"Programa de mano, Catálogo",Cuadernillo,Encolado,1,,,22,17.8,10,391.6,,d88.pdf,,
6,Enrique Grau Obra 1962/ 1972,1973,Mayo,,Arte Moderno & Cía Ltda,"Programa de mano, Catálogo",Cuadernillo,Caballete,1,,,21,22,16,462,,,,
7,La Constante Geometría ,1972,Marzo,,,"Programa de mano, Catálogo",Cuadernillo,Caballete,1,,,21.5,22,24,473,,d90.pdf,,
8,Emilio Sánchez,1974,Diciembre,Gabriel Camargo,Arte Moderno & Cía Ltda,"Programa de mano, Catálogo",Cuadernillo,Caballete,1,,,24,19.5,16,468,,d94.pdf,,
9,Carlos Cruz Diez Obras Sobre el Muro: Graficas e Integración Arquitectónica,1975,Junio,,,"Programa de mano, Catálogo",Plegable,,1,,,21,21,6,441,,d224.pdf,,
10,Palabra e imagen,1974,Mayo,Distéfano+Fontana,Imprenta Anzilotti S.R.L.,"Programa de mano, Catálogo",Librillo,Encolado,0,,,21.2,24.9,32,527.88,,,,
11,II Salón Nacional de Arte Joven ,1977,Julio,Cartón de Colombia S.A,Gráficas Karinn & Cía. Ltda.,Catálogo,Cuadernillo,Caballete,1,,,24,23.7,32,568.8,,d221.pdf,,
12,20 Artistas Jóvenes Suizos,1977,Febrero,,Gráficas Karinn & Cía. Ltda.,"Programa de mano, Catálogo",Cuadernillo,Caballete,0,,,22,24,56,528,,,,
13,Mauricio Bueno,1975,Septiembre,,,Programa de mano,Cuadernillo,Caballete,1,,,21,24,8,504,,d222.pdf,,
14,Seis Artistas Colombianos,1975,Octubre,Carvajal,Carvajal,Programa de mano,Cuadernillo,Caballete,1,,,21.5,21.3,16,457.95,,d223.pdf,,
15,Kipniss,1975,Julio,,Arte Moderno & Cía. Ltda.,"Programa de mano, Catálogo",Cuadernillo,Caballete,1,,,21.6,21.5,16,464.4,,d212.pdf,,
16,Brassai,1973,Marzo,,,"Programa de mano, Catálogo",Cuadernillo,Caballete,1,,,17,23.5,16,399.5,,d92.pdf,,
17,Carlos Rojas,1974,Noviembre,,,"Programa de mano, Catálogo",Cuadernillo,Caballete,1,,,21,21,24,441,,d93.pdf,,
18,Beatriz González,1976,Septiembre,Luis Fernando Zapata,,"Programa de mano, Catálogo",Cuadernillo,Caballete,1,,,21,25,24,525,,d95.pdf,,
19,Liliana Porter,1978,Enero,,,Programa de mano,Plegable,,1,,,24,19,12,456,,d158.pdf,,
20,Baila Mécanica,1979,Noviembre,Elena Mogollón,D.E. Lemaitre,Programa de mano,Cuadernillo,Caballete,1,,,21,21,16,441,,d159.pdf,,
21,Doce artistas graficos del brasil,1983,Septiembre,,,"Programa de mano, Invitación ",Plegable,,1,,,9,23,10,207,,d160.pdf,,
22,Jose Hernandez,1983,Septiembre,,Feriva Ltda.,Programa de mano,Plegable,,1,,,20.5,19.5,6,399.75,,d161.pdf,,
23,Actitudes Plurales,1983,Enero,Elena Mogollón,Mágico impresores,"Programa de mano, Catálogo",Cuadernillo,Caballete,1,,,21,21,26,441,,d162.pdf,,
24,Francisco Rocca-Lynn,1985,junio,"Elena Mogollón, Abadía Ramirez Plublicaciones",Sáenz & Cía Ltda.,"Programa de mano, Catálogo",Plegable,,1,,,21,21,12,441,,d163.pdf,,
25,Diego Arango Arango,1986,Abril,,Feriva Ltda.,Programa de mano,Plegable,,1,,,21,21,6,441,,d164.pdf,,
26,Alberto Lenis Burckhardt,1987,Noviembre,,Dominguez & Cía Ltda,"Programa de mano, Catálogo",Plegable,,1,,,20,28,4,560,,d165.pdf,,
27,Flor María Bouhot,1987,Febrero,"Carlos Ortega, Francisco Restrepo",,Programa de mano,Plegable,,1,,,20,20,6,400,,d166.pdf,,
28,José Luis Fajardo,1987,Enero,Macua & Garcia-Ramos,Ferreira S.A,"Programa de mano, Catálogo",Libro,Encolado,1,,,21.5,27.5,68,591.25,,d167.pdf,,
29,10 Artistas Chilenos,1988,Septiembre,Banco de La República,,Programa de mano,Cuadernillo,Caballete,1,,,21,28,36,588,,d168.pdf,,
30,Beatriz Angel Pinturas Tridimensionales,1989,Junio,,,"Programa de mano, Invitación ",Poster,,1,,,21.5,28,2,602,,d169.pdf,,
31,Tres Artistas de Puerto Rico,1989,Febrero,Jean-Pierre Santoni,,"Programa de mano, Catálogo",Plegable,,1,,,21.5,27.7,6,595.55,,d170.pdf,,
32,Cinco Pintores Abstractos,1989,Marzo,,,"Programa de mano, Catálogo",Plegable,,1,,,21.5,27.7,4,595.55,,d171.pdf,,
33,Gráfica OP 89 Duque Se Expone,1989,Febrero,Arte & Cía,Op Gráficas Ltda.,"Programa de mano, Catálogo",Cuadernillo,Caballete,1,,,20.5,29,42,594.5,,d172.pdf,,
34,Fotografías y su Relación,1989,Enero,,Feriva Ltda.,Programa de mano,Poster,,1,,,21.5,29.5,2,634.25,,d173.pdf,,
35,Consagrados Maestros Jóvenes,1982,Septiembre,Elena Mogollón,Magico Impresores,Programa de mano,Cuadernillo,Caballete,1,,,21,21,8,441,,d174.pdf,,
36,John Grillo,1984,Junio,"Elena Mogollón, Abadía Ramirez Plublicaciones",Op Gráficas Ltda.,Programa de mano,Cuadernillo,Caballete,1,,,21,21,8,441,,d175.pdf,,
37,Ricardo Gómez Campuzano,1992,Febrero,,Plenty Ltda.,Programa de mano,Cuadernillo,Caballete,1,,,21.5,21.5,16,462.25,,d176.pdf,,
38,"Santiago Harker, Huellas de Plata - Photocali 2007",2007,Noviembre,Luis Guillermo Murillo,,Invitación,Cuadernillo,Caballete,1,,,17,17,8,289,,d177.pdf,,
39,Seis Artistas Premiados III Bienal americana de artes gráficas,1977,Abril,,,Programa de mano,Plegable,,1,,,22,22,6,484,,d178.pdf,,
40,Margarita Lozano,1984,Diciembre,"Elena Mogollón, Abadía Ramirez Plublicaciones",Sáenz & Cía Ltda.,Programa de mano,Cuadernillo,Caballete,1,,,19,21,8,399,,d180.pdf,,
41,Museo de arte moderno La Tertulia,1986,Enero,,Carvajal,Catálogo,,,1,,,,,,0,,d181.pdf,,
42,Alicia Viteri,1985,mayo,"Elena Mogollón, Abadía Ramirez Plublicaciones",Sáenz & Cía Ltda.,"Programa de mano, Catálogo",Cuadernillo,Caballete,1,,,21,21,10,441,,d182.pdf,,
43,Sergio Camporeale,1987,Abril,"Francisco Restrepo Nicholls, Carlos Ortega García",,"Programa de mano, Catálogo",Cuadernillo,Caballete,1,,,20.5,20,16,410,,d183.pdf,,
44,Luz de la Cueva de Los Sueños,1990,Abril,,Plenty Ltda.,"Programa de mano, Invitación ",Plegable,,1,,,21.5,23,4,494.5,,d184.pdf,,
45,Máscaras,1993,Marzo,,Plenty Ltda.,Programa de mano,Cuadernillo,Caballete,1,,,20,28,16,560,,d185.pdf,,
46,Pedro Alcantara,1985,Junio,"Elena Mogollón, Abadía Ramirez Plublicaciones",Sáenz & Cía Ltda.,Programa de mano,Cuadernillo,Caballete,1,,,21,21,12,441,,d186.pdf,,
47,Amazonas-Putumayo: Los Colores de la Biodiversidad,2001,Agosto,Luz Stella Hernández,,Programa de mano,Cuadernillo,Caballete,1,,,21,28,12,588,,d187.pdf,,
48,Tres Fotográfos de la República Popular China,2002,Septiembre,,,Programa de mano,Plegable,,1,,,21,27,6,567,,d188.pdf,,
49,La Mujer en Las Artes Visuales ,1980,Febrero,,,"Programa de mano, Catálogo",Cuadernillo,Caballete,1,,,21.5,21,20,451.5,,d189.pdf,,
50,Kunito Nagaoka,1983,Abril,,,Programa de mano,Plegable,,1,,,21.4,19.4,6,415.16,,d191.pdf,,
51,Gráfica Contemporanea de la Republica Democrática Alemana,1982,Octubre,Feriva Ltda.,Feriva Ltda.,"Programa de mano, Catálogo",Cuadernillo,Caballete,0,,,20.4,23,40,469.2,,d192.pdf,si,Falta una pagina del digital
52,Jan Bartelsman,1988,Septiembre,Silvia Bongue,Plenty Ltda.,Programa de mano,Plegable,,1,,,18.5,23,12,425.5,,d193.pdf,,
53,El Grabado Norteamericano en la Colección del Museo de Arte Moderno La Tertulia,1978,Octubre,Maria Margarita Pardo,Gráficas Karinn,"Programa de mano, Catálogo",Cuadernillo,Caballete,1,,,16,24,16,384,,d195.pdf,,
54,Enrique Sánchez ,1987,Octubre,Saenz Editores Ltda.,,"Programa de mano, Invitación ",Plegable,,1,,,22,22,6,484,,d196.pdf,,
55,Vivian Monsalve,1987,Septiembre,,,"Programa de mano, Invitación ",Poster,,1,,,29.5,21.5,2,634.25,,d198.pdf,,
56,Homenaje a Adalbert Meindl,1989,Junio,,,"Programa de mano, Invitación ",Poster,,1,,,29.5,21.5,2,634.25,,d199.pdf,,
57,IV Bienal Americana de Artes Gráficas,1981,Abril,,,Invitación,,,1,,,,,,0,,d200.pdf,,
58,IV Subasta museo arte moderno La Tertulia,1987,Octubre,,,Invitación,,,1,,,21.5,28,2,602,,d202.pdf,,
59,Los Caminos del Bien y del Mal,1982,abril,Elena Mogollón,Mágico,Programa de mano,cuadernillo,Caballete,1,,,21,21,38,441,,d203.pdf,,
60,Aspectos de lo Tridimensional en el Arte Colombiano,1984,Noviembre,"Elena Mogollón, Abadía Ramirez Publicaciones",Sáenz & Cía Ltda.,"Programa de mano, Catálogo",Librillo,Encolado,1,,,21,20.5,72,430.5,,d204.pdf,,
61,Gabriel Messil,1978,Febrero,,,"Programa de mano, invitación ",Plegable,,1,,,17,22,6,374,,d205.pdf,,
62,Doce Escultores Colombianos: Pequeño Formato,1991,Marzo,,,"Programa de mano, Catálogo",Plegable,,1,,,21.4,27.8,6,594.92,,d206.pdf,,
63,Juan Antonio Roda,1988,Septiembre,,,Programa de mano,cuadernillo,Caballete,1,,,21,21,12,441,,d207.pdf,,
64,Laignelet,1990,Enero,"Lina Garcia, Rene Cadena",Escala,Catálogo,Librillo,Caballete,1,,,21,28,20,588,,d208.pdf,,
65,Luis Caballero,1990,Junio,,,"Programa de mano, Invitación ",Plegable,,1,,,21.1,22.1,4,466.31,,d209.pdf,,
66,Simón Rodríguez,1995,Febrero,,,Programa de mano,Plegable,,1,,,21.5,23,4,494.5,,d210.pdf,,
67,Artistas Gráficos Británicos de la Década del 60,1976,Febrero,James Shurmer,The Curwen Press,"Programa de mano, Catálogo",cuadernillo,Caballete,0,,,20.9,19.8,40,413.82,,,,
68,A Cali,1985,Octubre,"Elena Mogollón, Abadía Ramirez Plublicaciones",Sáenz & Cía Ltda.,Programa de mano,cuadernillo,Caballete,1,,,21,21,12,441,,d213.pdf,,
69,Grabadores norteamericanos,1978,Mayo,"Imágen Publicidad, Gabriel Camargo",Gráficas Karinn,"Programa de mano, Catálogo",Cuadernillo,Caballete,1,,,16,24.1,16,385.6,,d215.pdf,,
70,Kipniss,1975,Julio,,Arte Moderno & Cía. Ltda.,Invitación,Postal,,0,,,16,13,2,208,,,,
71,Luis Fonseca,1971,Julio,,,Programa de  mano,cuadernillo,Caballete,1,,,20.5,20.7,8,424.35,,d83.pdf,,
72,Exposición de la plastica cubana actual,1976,Noviembre ,Virginia Amaya,Graficas karinn,Catalogo,cuadernillo,Encolado,0,,,17,24.5,46,416.5,,,,
73,Luis Camnitzer y Liliana Porter,1978,Enero,,,programa de mano,plegable,,0,,,,,,0,,,si,
74,Acrílicos,1978,Septiembre,,,Invitación,plegable,,0,,,10,23,2,230,,,,
75,Fotografía Colombiana,1978,Diciembre,Carlos Alberto Caicedo,Gráficas Karinn,Programa de mano,Librillo,"Grapado, Encolado",0,,,24,21.5,40,516,,,,
76,Bibiana Velez,1990,Septiembre,,Plenty Ltda.,Invitación,plegable,,1,,,21.5,23,4,494.5,,d216.pdf,,
77,Ossaba,1988,Marzo,Publicaciones Elena Mogotllón,Sáenz & Cía Ltda.,Programa de mano,cuadernillo,Caballete,1,,,21,21,12,441,,d217.pdf,,
78,Serie Amazónica,1980,Septiembre,Cali Reprocolor - Gabriel Camargo,Arte Moderno & Cía. Ltda.,"Programa de mano, Catálogo",Librillo,Encolado,1,,,21,20.4,18,428.4,,d218.pdf,,
79,Carmen Aldunate,1983,Abril,Publicaciones Elena Mogotllón,A. Sandri & Cía.,Programa de mano,cuadernillo,caballete,1,,,21,21,16,441,,d219.pdf,,
80,Atrato,2007,Diciembre,,,Programa de mano,,,1,,,,,,0,,d220.pdf,,
81,21 Obras,1971,Abril,,,"Programa de mano, Catálogo",cuadernillo,Caballete,1,,,21.1,21.1,12,445.21,,d82.pdf,,
82,Diez años de arte colombiano,1971,Octubre,editorial Andes,,Programa de mano,Librillo,Caballete,1,,,21.3,22.2,68,472.86,,d81.pdf,,
83,Jornadas de mayo,1957,Julio,,,"Catálogo, Invitación ",Plegable,,1,,,17.4,24.8,4,431.52,,d1.pdf,,
84,Carlos Correa,1957,Marzo,,,Catálogo,,,1,,,,,,0,,d2.pdf,,
85,Pinturas de Ómar Rayo,1957,Noviembre,,,"Programa de mano, Catálogo",Plegable,,1,,,15.6,24.4,4,380.64,,d3.pdf,,
86,Jose de Rokha,1958,Febrero,,,"Programa de mano, Catálogo",Plegable,,1,,,16.2,21.3,4,345.06,,d4.pdf,,
87,José Luis de Figueroa,1958,Junio,,,Catálogo,Plegable,,1,,,12,18.5,4,222,,d5.pdf,,
88,"Exposición de pinturas de Pedro Gross (el mago ""gross"")",1958,Mayo,,,"Catálogo, Invitación ",Plegable,,1,,,16.8,24.8,4,416.64,,d6.pdf,,
89,Acuarelistas Colombianos,1984,Octubre,Elena Mogollón Abanidia Ramirez,Sáenz & Cía. Ltda.,Programa de mano,cuadernillo,caballete,1,,,21,21,20,441,,d9.pdf,,
90,Arboleda,1959,Noviembre,,,"Catálogo, Invitación ",Plegable,,1,,,9,25.1,4,225.9,,d11.pdf,,
91,David Manzur,1960,Marzo,,,Catálogo,Plegable,,1,,,11.8,16.2,4,191.16,,d12.pdf,,
92,Leandro Velasco,1959,Octubre,,,Catálogo,Plegable,,1,,,12.8,24.8,4,317.44,,d13.pdf,,
93,A. Rivera G.,1960,Mayo,,,Catálogo,Plegable,,1,,,12.5,23,4,287.5,,d14.pdf,,
94,Jan Palmer y S. Crawford,1960,Julio,,,"Catálogo, Invitación ",Plegable,,1,,,17.4,8,6,139.2,,d15.pdf,,
95,Exposición de Acuarelas,1960,Febrero,,,"Programa de mano, Catálogo",plegable,,1,,,9.6,21,4,201.6,,d16.pdf,,
96,Samuel Montealegre dibujos,1960,Noviembre,,,Catálogo,plegable,,1,,,17.4,19.7,4,342.78,,d17.pdf,,
97,Oleos recientes de Marielle Muheim,1960,Junio,,,Programa de mano,plegable,,1,,,15.9,10.6,4,168.54,,d18.pdf,,
98,Alberto Gutiérrez,1960,Enero,,,"Programa de mano, Catálogo",plegable,,1,,,12,19.8,4,237.6,,d19.pdf,,
99,Exposición Colectiva de Pintura,1960,Abril,,,"Catálogo, Invitación ",plegable,,1,,,17.3,24.5,4,423.85,,d20.pdf,,
100,"Arboleda, Martinez, Eggen",1961,Diciembre,,,Invitación,Plegable,,1,,,17.4,17.8,4,309.72,,d21.pdf,,
101,Pinturas de Fanny Buitrago ,1961,Abril,Editorial Alonso,,Catálogo,Plegable,,1,,,13.9,21.4,4,297.46,,d22.pdf,,
102,Exposición de Grabados,1961,Marzo,,,Catálogo,Plegable,,1,,,10.7,22.5,4,240.75,,d23.pdf,,
103,Pinturas 1961,1961,Noviembre,,,"Programa de mano, Catálogo, Invitación",Plegable,,1,,,9.9,24.8,4,245.52,,d24.pdf,,
104,Pinturas y anti-pinturas,1961,Febrero,,,"Catálogo, Invitación ",plegable,,1,,,22.5,15,4,337.5,,d25.pdf,,
105,Óleos,1961,Enero,,,Catálogo,plegable,,1,,,9.7,23.2,4,225.04,,d26.pdf,,
106,Herrán - Pinturas,1961,Octubre,,,"Programa de mano, Catálogo, Invitación",Plegable,,1,,,13.9,21.9,4,304.41,,d27.pdf,,
107,Emma Reyes,1961,Julio,,,"Catálogo, Invitación ",Cuadernillo,Caballete,1,,,16.9,24.4,12,412.36,,d28.pdf,,
108,Juan Camilo Uribe: Telescopios,1980,Mayo,,,Programa de mano,,,1,,,,,,0,,d29.pdf,,
109,Sessano,1960,Julio,,,"Catálogo, Invitación ",plegable,,1,,,12.6,18,4,226.8,,d30.pdf,,
110,16 pinturas de Juan Antonio Roda,1960,Marzo,,,Catálogo,plegable,,1,,,17.8,10.5,4,186.9,,d31.pdf,,
111,Segundo Portafolio 8 Artistas Latinoamericanos,1977,Diciembre,,,Programa de mano,,,1,,,,,,0,,d32.pdf,,
112,Antonio Grass Óleo,1966,Abril,,,"Catálogo, Invitación",plegable,,1,,,11.4,15.7,4,178.98,,d33.pdf,,
113,Lamiel,1966,Mayo,,,Catálogo,Plegable,,1,,,16.2,10.6,4,171.72,,d34.pdf,,
114,Mario Abreu,1966,Noviembre,,,Catálogo,Plegable,,1,,,12.3,19.9,6,244.77,,d35.pdf,,
115,Pinturas de Armando Villegas y Cerámicas de Alicia Tafur,1962,Marzo,,,Programa de mano,Plegable,,1,,,15.5,23,4,356.5,,d36.pdf,,
116,Gerardo Negret,1962,Febrero,,,"Programa de mano, Catálogo",Cuadernillo,Caballete,1,,,22.7,19.5,8,442.65,,d37.pdf,,
117,Óscar Pantoja,1962,Marzo,,,Catálogo,Plegable,,1,,,11.1,17.2,4,190.92,,d38.pdf,,
118,Alberto Gutiérrez,1962,Octubre,,,Invitación,Plegable,,1,,,13.7,24,6,328.8,,d39.pdf,,
119,María de la Paz Jaramillo y Óscar Jaramillo,1980,Noviembre,Elena Mogollón,,Programa de mano,Cuadernillo,Caballete,0,,,22,22.5,28,495,,,si,
120,"Juan Camilo Uribe, telescopios y Álvaro Barrios, sueños con Marcel Duchamp",1980,Mayo,Elena Mogollón,,Programa de mano,Cuadernillo,Caballete,0,,,21,21,18,441,,,si,
121,1960–1980 Alcántara,1980,Junio,Elena Mogollón,,"Programa de mano, Catálogo",Cuadernillo,Caballete,0,,,21,21,36,441,,,,
122,Fotografías Francois Dolmetsch,1980,Abril,,,Invitación,Postal,,0,,,14.5,18.5,2,268.25,,,,
123,Oleos litografías Robert Kipniss,1980,Enero,Elena Mogollón,A. Sandri & Cía.,Programa de mano,Cuadernillo,Caballete,0,,,21,21,20,441,,,si,
124,Richard Smith,1979,Enero,Imprimir Ltda.,Imprimir Ltda.,"Programa de mano, Catálogo",Cuadernillo,Caballete,0,,,17,24,12,408,,,,
125,Helen Frankenthaler,1979,Julio,,,"Catalogo, programa de mano",libro,Caballete,0,,,28,21,74,588,,,,
126,"Ever Astudillo, Fernell Franco, Óscar Muñoz",1979,Septiembre,Marta Granados,Impresores Ltda.,"Catalogo, programa de mano",Librillo,Encolado,0,,,21,21,32,441,,,,
127,Pintura y Escultura de los años 30,1978,Marzo,Coltextos - Cali,Gráficas Karinn & Cía,"Catalogo, programa de mano",Librillo,Caballete,0,,,23.85,22,36,524.7,,,si,
128,Obregón,1979,Abril,Domo Ltda.,Sandri,"Programa de mano, Catálogo",Plegable,,0,,,24,17,8,408,,,si,
129,3o. Colección del taller de artes gráficas del Museo de arte  moderno la tertulia,1979,Diciembre,,,Plan de ventas,plegable,,1,,,13.5,19.7,10,265.95,,,,
130,Manuel Hernández,1981,Noviembre,Elena Mogollón,Mágico Impresores Ltda.,Programa de mano,Cuadernillo,Caballete,0,,,21.3,21.3,12,453.69,,,,
131,Alexis Gorodine,1982,Octubre,,,"Programa de mano, Invitación ","Postal, plegable",,0,,,14.1,11.2,4,157.92,,,,
132,Primera expomarca latinoamerica,1982,Enero,,Litografias gamacolor,catalogo,plegable poster,,0,,,9,24,8,216,,,si,
133,Santiago Cárdenas ,1982,Junio,Elena Mogollón,OP Gráficas Ltda,"Catalogo, programa de mano",Cuadernillo,Caballete,0,,,21,21,16,441,,,,
134,Yutaka Toyota,1982,Septiembre,Elena Mogollón,Mágico,"Catalogo, programa de mano",Cuadernillo,Caballete,0,,,21,21,16,441,,,si,
135,Jonier Marin,1981,Septiembre,,,Programa de mano,Plegable,,0,,,11.9,21.8,8,259.42,,,,
136,La Tertulia,1960,Junio,Artes Publicitarias,,Boletín,Librillo,Caballete,0,,,17,24,40,408,,,,
137,Delia Cugat,1982,Noviembre,,,Programa de mano,Plegable,,0,,,21,18.8,6,394.8,,,,
138,Rogelio Polesello,1983,Noviembre,"Rogelio Polesello, Photo Lettering S.A.",Gaglianone S.A.,Catálogo,Plegable,,0,,,27.8,29.6,6,822.88,,,,
139,1er. Salón OP de Diseño Gráfico,1983,Julio,Carlos Duque,OP Gráficas LTDA.,Programa de mano,Plegable,,0,,,16,22.9,6,366.4,,,si,
140,Fotografismo ,1983,Mayo,,,Invitación,Plegable,,0,,,11.5,23,4,264.5,,,,
141,IV Bienal Americana de Artes Gráficas,1981,Abril,Elena Mogollón,A. Sandri & Cía. Ltda,Catálogo,Libro,Encolado,0,,,24.2,22.7,110,549.34,,,si,Es un libro de mas de 100 paginas que muestra el contenido completo de la bienal.
142,Jornadas culturales del Brasil,1983,Septiembre,MF Publicidad,Intergrafic Ltda.,Programa de mano,Plegable,,1,,,9,22.9,8,206.1,,d160.pdf,,
143,Liliana Porter,1983,Octubre,,,Catálogo,Plegable,,0,,,16,25.5,6,408,,,si,Es un plegable tipo poster pero cuenta con una hoja suelta al interior con las exposiciones por año de la artista.
144,Seis maestros cubanos,1983,Marzo,Corpracion prográfica,Feriva Ltda.,Catálogo,Cuadernillo,Caballete,0,,,20.5,23.5,24,481.75,,,si,
145,Leandro Velasco,1961,Diciembre,,,Catálogo,Plegable,,0,,,21.5,7.9,4,169.85,,,,
146,Antonio Barrera,1983,Septiembre,,"Societé Nouvelle Offset 94 5, rue des ecoles, créteil",Catálogo,Cuadernillo,Caballete,0,,,26.5,21,18,556.5,,,si,
147,Cruz Diez,1984,Septiembre,,,"Programa de mano, Catalogo",Cuadernillo,Caballete,1,,,20.9,27,20,564.3,,d225.pdf,si,
148,Casa Museo Negret,1985,Enero,Elena Mogollón,OP gráficas Ltda,Programa de mano,Cuadernillo ,Caballete,0,,,21,21.5,18,451.5,,,,
149,Herrán-Pinturas,1963,Mayo,,,"Invitación, Catálogo, Programa de mano",Plegable,,1,,,10.3,24.5,6,252.35,,d40.pdf,,
150,Alcántara,1964,Abril,,,"Invitación, Pograma de mano",Plegable,,1,,,10,20,6,200,,d41.pdf,,
151,Jan Bartelsman y Alberto Gutiérrez,1964,Noviembre,,,Programa de mano,Plegable,,1,,,23,17.9,4,411.7,,d42.pdf,,
152,Pintura Moderna Ecuatoriana,1964,Febrero,,,Catálogo,Plegable,,1,,,14,21.5,4,301,,d43.pdf,,
153,Génesis,1964,Febrero,,,"Invitación, Catálogo, Programa de mano",Plegable,,1,,,8.7,23,4,200.1,,d44.pdf,,
154,IV Festival Nacional de Arte,1964,Junio,,,Catálogo,Plegable,,1,,,13.6,16,4,217.6,,d45.pdf,,
155,Ana María Rueda,1988,Mayo,,,"Programa de mano, Invitación",plegable,,0,,,21,24.5,6,514.5,,,si,"Son versiones impresas en serigrafia numeradas (42/500, 258/500)"
156,Colombia en tres dimensiones,1984,,"elena mogollón, Albanidia Ramírez",OP Gráficas ltda,Programa de mano,Librillo,Encolado,0,,,21,21,56,441,,,,
157,IV Festival Nacional de Arte,1964,Junio,,,Programa de mano de bolsillo,Cuadernillo ,Grapa lateral,0,,,13.6,21.5,8,292.4,,,si,documento complemento del salon nacional de arte
158,Roser Bru y Eugenio Dittborn,1984,Junio,"elena mogollón, Albanidia Ramírez",OP Gráficas ltda,Programa de mano,Cuadernillo ,Caballete,0,,,21,21,12,441,,,si,
159,IV Festival Nacional de Arte,1964,Junio,"Roberto Arcelux, Edit. Pacífico",,"Programa de mano, Catálogo",Librillo,"Grapado, Encolado",0,,,16.5,29.5,72,486.75,,,si,documento completo del salon nacional de arte
160,Este Petróleo me pertenece,1984,Mayo,,,Programa de mano,Plegable,,0,,,21.5,14,4,301,,,,
161,Marta Minujin: Esculturas Recientes,1984,Abril,César Blandín Ron,Gaglianone Establecimiento Gráfico S.A.,Programa de mano,Librillo,Caballete,0,,,19.7,26,24,512.2,,,si,Esculturas cheveres
162,Grabado sobre planchas de arcrilico,1984,,,,,,,,,,,,,0,,,,
163,Audivert,1984,Abril,"Elena Mogollón, Albanidia Ramiréz",OP gráficas ltda,Programa de mano,cuadernillo,caballete,0,,,21,21,8,441,,,si,dibujos lindos
164,Teyé,1985,Marzo,"Elena Mogollón, Albanidia Ramiréz",OP gráficas ltda,Programa de mano,cuadernillo,caballete,0,,,21,21,12,441,,,si,
165,Artistas Colombianos de la Coleccion Privada del Museo de Arte Moderno La Tertulia,1985,Julio,Comfamiliar- tuluá,,Programa de mano,Plegrable,,0,,,21,21,6,441,,,,
166,Arte Gráfico Norte Americano,1984,Enero,,,"Programa de mano, Catálogo",Librillo,Encolado,0,,,20.5,16,62,328,,,,
167,Oscar Muñoz Serie pinturas de agua,1985,Octubre,,,Pro,,,,,,,,,0,,,,
168,Eduard Ramírez Villamizar ,1985,Noviembre,Banco de la república,,material didático,carpeta ,carpeta,0,,,22,28,32,616,,,SI re si,material didáctico muy bonito
169,Rasmussen y M. Sebastian,1985,Octubre,,,programa de mano,cuadernillo,caballete,0,,,21,21,8,441,,,,
170,Artistas Colombianos de la Coleccion Privada del Museo de Arte Moderno La Tertulia,1985,Julio,Comfamiliar- tuluá,,Invitación,Postal,,0,,,13.6,11.6,2,157.76,,,,
171,J.Mina,1964,Abril,,,catálogo,plegable,,1,,,11.1,16.1,4,178.71,,d46.pdf,,
172,Lucy Tejada,1964,Octubre,,,Programa de mano,plegable,,1,,,20.3,10.9,5,221.27,,d47.pdf,,"El documento tiene 5 modulos, de los cuales 4 tienen una dimension de 20.3 x 3.9 y uno principal de 20.3x 10.9"
173,Maria Luisa Andino,1964,Noviembre,,,catálogo,Cuadernillo ,Caballete,1,,,8.5,19,8,161.5,,d48.pdf,,
174,A. Rivera G.,1965,Marzo,,,"Programa de mano, Invitación",Plegable,,1,,,22.7,8.7,4,197.49,,d49.pdf,,
175,Manuel Hernández,1986,Julio,,,"Programa de mano, Catálogo",Plegable,,0,,,21.4,22,4,470.8,,,,
176,Antología Fotográfica 1939 – 1968,1986,Enero,,,Programa de mano,Plegable,,0,,,19.6,28.1,4,550.76,,,,
177,Arte sobre tela ,1986,septiembre,prinko impresores con la direccion de diana mejia y hugo zapata,prinko impresores,Programa de mano,Plegable,,0,,,10,32,14,320,,,si,
178,Monica Meira,1986,junio,,,"Catalogo, programa de mano",Plegable,,0,,,16,20,8,320,,,si,
179,Liliana Porter,1987,Mayo,,MAO Publicidad,"Programa de mano, Catálogo",Cuadernillo,Caballete,0,,,18.8,20,12,376,,,,
180,Rodolfo Velez,1987,Marzo,,,Programa de mano,"Cuadernillo, Plegable",Caballete,0,,,21.2,21.1,10,447.32,,,,
181,Luis Caballero Acuarelas Y Dibujos,1987,Junio,,,"Programa de mano, Invitación",Poster,,0,,,21.5,28,2,602,,,,
182,Antonio Barrera,1987,Noviembre,Hermann Camargo,Sáenz & Cia. Ltda.,Catálogo,Librillo,Encolado,0,,,24,29,28,696,,,,
183,Ana Mercedes Hoyos,1988,Abril,,,Programa de mano,poster,,0,,,22,28,2,616,,,,
184,Antonio Barrera,1987,Noviembre,,,"Programa de mano, Invitación",poster,,0,,,21.5,28,2,602,,,,
185,Gustavo Zalamea,1987,septiembre,,,"Programa de mano, catalogo",cuadernillo,,0,,,21.5,22,12,473,,,,
186,4 maestros Latinoamericanos,1987,Agosto,Banco de la Republica,,"Programa de mano, Catálogo",Libro,Encolado,0,,,20.9,28,79,585.2,,,,
187,Andrés de Santa María,1987,Mayo,Bejamin Villegas Asosiados,Escala,"Catalogo, programa de mano",Libro,Encolado,0,,,21,23,44,483,,,si,
188,Museo de arte moderno La Tertulia 30 años,1986,Julio,,Feriva,Boletín,Plegable,,0,,,22,33,2,726,,,,
189,Darío Jimenez,1986,Marzo,Francesco Vásquez Marazzani,"Banco de la República, Departamento Editorial",Catalogo,Libro,Encolado,0,,,21,28,94,588,,,,
190,Marìa Cristina Cortés,1986,Junio,,Feriva,Programa de mano,Plegable,,0,,,21,21,6,441,,,,
191,Hernando Hoyos Pinturas,1988,Noviembre,,,Programa de mano,Poster,,0,,,17.3,27.3,2,472.29,,,,Es una versión recortada de un ¿plegable? ¿cuadernillo?
192,María Teresa Vieco,1989,Septiembre,,,"Programa de mano, Invitación",Poster,,0,,,21.5,28,2,602,,,,
193,Patricio Reig Isaacs Pinturas,1989,Octubre,,,"Programa de mano, Invitación",Poster,,0,,,21.5,28,2,602,,,,
194,Becky Mayer Tres Propuestas de fotografía,1989,Mayo,,,"Programa de mano, Invitación",Poster,,0,,,21.5,28,2,602,,,,
195,Patricia Tavera Pinturas,1989,Marzo,,,"Programa de mano, Invitación",Poster,,0,,,21.5,28,2,602,,,,
196,Karen Lamassone Pinturas,1989,Abril,,,"Programa de mano, Invitación",Poster,,0,,,21.5,28,2,602,,,,
197,Nancy Friedemann Paganos y Piadosos,1989,Marzo,,,"Programa de mano, Invitación",Poster,,0,,,21.5,28,2,602,,,,
198,Rafael Echeverri Pinturas y Consuelo Gómez Esculturas,1989,Septiembre,,Plenty Ltda.,"Programa de mano, Invitación",Plegable,,0,,,21.5,28,4,602,,,,
199,Actividades del museo de arte moderno la tertulia,1989,,,,Boletín,Plegable,,0,,,11.1,21.8,6,241.98,,,,
200,Ronald y Gloria Duncan Ceramicas,1989,Enero,,,"Programa de mano, Invitación",Poster,,0,,,21.5,28,2,602,,,,
201,Leo Matiz 50 Años de Fotografía,1989,Mayo,Luz Stella Hernández P.,Plenty Ltda.,"Programa de mano, Catálogo",Librillo,Caballete,0,,,24,22.7,28,544.8,,,1,
202,II Salón de Arte Joven Marta Traba,1989,Noviembre,"Fernell Franco, Oscar Muñoz",Plenty Ltda.,"Programa de mano, Catálogo",Librillo,Grapa lateral,0,,,21.4,21.7,100,464.38,,,,
203,Negrita,2011,Mayo,Cactus,,Invitación,Volante,,1,,,14,21.5,2,301,,,,
204,Negrita,2011,Mayo,Cactus,,Programa de mano,Plegable,,1,,,15,21,6,315,,,,
205,Papel,2011,Diciembre,Cactus,Feriva,Catálogo,Carpeta,caja,1,,,23.5,33,26,775.5,,,,No está en los archivos de cactus. Buscar mejor
206,Hernando Tejada Exposición de Relieves,1965,Abril,,,"Catálogo, Invitación", ,,1,,,,,,0,,d50.pdf,,
207,Beatriz González,1965,Diciembre,,,"Catálogo, Invitación",Plegable,,1,,,9.9,21.9,4,216.81,,d51.pdf,,
208,Pedro Alcantara,1965,Diciembre,,,"Programa de mano, Invitación", ,,1,,,,,,0,,d52.pdf,,
209,"Graciela Bermudez, Sofía Urrutia Tapices Oleos",1966,Marzo,,,"Catálogo, Invitación",Plegable,,1,,,11.5,15.8,4,181.7,,d53.pdf,,
210,Maria Thereza Negreiros,1967,Enero,,,Catálogo,Plegable,,1,,,18.7,20.9,4,390.83,,d54.pdf,,
211,Alejandro Obregón,1967,Julio,,,Catálogo,Plegable,,0,,,10,27.2,4,272,,d55.pdf,,
212,20 Dibujos de Luis Caballero,1967,Septiembre,,,Programa de mano, ,,1,,,,,,0,,d56.pdf,,
213,Manzur,1967,Noviembre,,,"Programa de mano, Catálogo",Plegable,,1,,,21.2,16.6,7,351.92,,d57.pdf,,
214,Isabel Cuervo,1967,Diciembre,,,"Programa de mano, Catálogo",Plegable,,1,,,11.9,16.1,8,191.59,,d58.pdf,,
215,Lucy Tejada,1967,Febrero,,,Catálogo, ,,1,,,,,,0,,d59.pdf,,
216,XV Salón de Artistas Colombianos ,1963,Noviembre,,,Catálogo,Plegable,,1,,,12.2,19.9,8,242.78,,d60.pdf,,
217,Beatriz González : El segundo original,2016,Marzo,Cactus,VMG producción y logística,Catálogo,Librillo,Caballete,1,,,8.5,11.5,40,97.75,,,,
218,La Guerra que no hemos visto,2011,Diciembre,Cactus,,Programa de mano,Plegable,,1,,,14,28,6,392,,,,
219,Noche es Día,2015,Diciembre,Cactus,,Programa de mano,Plegable,,1,,,17,23.5,8,399.5,,,,
220,Acueductos: Rosario López,2014,Mayo,Cactus,,Programa de mano,Plegable,,1,,,17,24,8,408,,d226.pdf,,
221,Rembrandt : 69 grabados 1630-1659,2015,Noviembre,Cactus,,"Catalogo, Programa de mano",Librillo,Encolado,1,,,24.5,16.5,104,404.25,,,,el librillo cuenta con un plegable inserto.
222,Planchas sobre la mesa,2015,Septiembre,Cactus,,Programa de mano,Librillo,Caballete,1,,,15.5,17,12,263.5,,,,
223,Future Perfect,2016,Agosto,Cactus,,Programa de mano,Librillo,Caballete,1,,,17,24,12,408,,,,
224,Marimba Expandida,2016,Febrero,Burricornio Taller editorial,,Programa de mano,Librillo,Caballete,1,,,16.5,21.5,12,354.75,,,,
225,Fototropismos,2014,Julio,Cactus,,Invitación,Postal,,1,,,15.6,10.8,1,168.48,,,,Tiene un empaque con troquel
226,La Forma del Futuro,2016,Octubre,Cactus,VMG producción y logística,Programa de mano,Plegable,,1,,,14,21.6,8,302.4,,,,
227,Normativo,2011,Agosto,Cactus,,Programa de mano,Plegable,,1,,,15,21,3,315,,,,
228,Normativo,2011,Agosto,Cactus,,Invitación,Volante,,1,,,14,20.6,2,288.4,,,,
229,"Eros, Dolor y Muerte",2009,Noviembre,Cactus,,Programa de mano,Plegable,,1,,,13.8,20,8,276,,,,
230,Cadenas Alimenticias,1999,Noviembre,La Silueta,,Programa de mano,Librillo,Caballete,0,,,16.5,23.5,22,387.75,,,si,
231,Esayos Para un Mundo Perfecto,2011,Agosto,C. Umaña,,"Catalogo, Programa de mano",Plegable,,0,,,22,28,4,616,,,si,Pertenece a una serie de fasículos coleccionables que se argollan juntos. La pestaña de la portada es 4 cm mas corta 
232,Hacia un lugar común,2016,Junio,Cactus,,Programa de mano,Plegable,,1,,,21,28,4,588,,,,Tiene un inserto que es una hoja plegada azul con dos textos de Erika Flores y de Alejandro Martín
233,Tratado sobre la insurrección de la pintura o el tercer lado del espejo,2016,Abril,Cactus,,Programa de mano,Carpeta,,1,,,23,29,29,667,,,,Carpeta con 23 hojas que se recogían en la sala
234,Siete intelectuales en el bosque de bambú,2011,Marzo,Cactus,,Programa de mano,Plegable,,1,,,21,15,6,315,,,,
235,Allora & Calzadilla,2011,Enero,Cactus,,Programa de mano,Plegable,,1,,,21,15,6,315,,,,
236,Museo La Tertulia 54 años de historia,2010,Junio,Cactus,,Programa de mano,Carpeta,,1,,,19,19,30,361,,,,Es una carpeta que coniene un librito
237,Museo La Tertulia 54 años de historia,2010,Junio,Cactus,,"Programa de mano, Invitación",Plegable,,1,,,18,9.5,8,171,,,,
238,Paciente,2016,Abril,Cactus,,Programa de mano,Plegable,,1,,,16.8,26.8,6,450.24,,,,
239,Rompecabezas,2015,Julio,Cactus,,Programa de mano,Plegable,,1,,,17.2,24,8,412.8,,,,
240,Dash Shaw + Luis Echavarría: El Fantasma que no se ve,2015,Octubre,Cactus,,Invitación,Postal,,1,,,15.8,18,2,284.4,,,,
241,Dash Shaw + Luis Echavarría: El Fantasma que no se ve,2015,Octubre,Power Paola,,Programa de mano,Plegable,,1,,,17,12.3,8,209.1,,,,
242,¿Qué Cosa es la Verdad?,2012,Junio,Cactus,,Programa de mano,Plegable,,1,,,10.8,14,8,151.2,,,,
243,Avi Mograbi Los Detalles,2015,Noviembre,Cactus,,Programa de mano,Plegable,,1,,,16.7,23.8,6,397.46,,,,
244,El tratamiento de las contradicciones,2012,Noviembre,Cactus,,Programa de mano,Plegable,,1,,,21,15,6,315,,,,
245,El tratamiento de las contradicciones,2012,Noviembre,Cactus,,Invitación,Volante,,1,,,15,22,2,330,,,,
246,Requiem NN / La guerra que no hemos visto,2011,Enero,Cactus,,Invitación,Postal,,1,,,18,24,2,432,,,,
247,Taking Care of Business. Un proyecto de Miami,2013,Febrero,Cactus,,Programa de mano,Plegable,,1,,,21,15,6,315,,,,
248,Objetos de estudio para una república popular demediada,2016,Julio,Cactus,,Programa de mano,Cuadernillo,Caballete,1,,,17,24,8,408,,,,Contiene un inserto grapado mas pequeño
249,Paisajes de la conciencia,2009,Septiembre,,,Programa de mano,Plegable,,0,,,21.5,28,6,602,,,,
250,Testigo de oídas,2014,Febrero,Cactus,,Invitación,Volante,,1,,,15,22,2,330,,,,
251,Las cosas en sí: Un sistema Frágil,2015,Julio,,,Programa de mano,Plegable,Grapado,0,,,14,21.8,8,305.2,,,,
252,Fototropismos,2014,Julio,Cactus,,Programa de mano,Cuadernillo,Caballete,1,,,11.6,17,14,197.2,,,,Tiene una solapa plegable
253,Premonitoria,2008,Septiembre,Vanessa Franco,,Programa de mano,Cuadernillo,Caballete,0,,,16.5,20,28,330,,,si,
254,Francisco De La Puente,1990,Junio,Morgan Marinetti,Morgan Marinetti,Catálogo,Librillo,Caballete,0,,,23,24,28,552,,,si,contiene fotografías a full color de la obra expuesta
255,Space Invaders,2008,Julio,,,Invitación,Postal,,0,,,10.5,15,2,157.5,,,,
256,Tres Escultores Colombianos,1990,Septiembre,,Impresión Plenty Ltda.,Programa de mano,Cuadernillo,Caballete,0,,,21.5,29.5,8,634.25,,,,
257,Artefacto,2008,Marzo,,,Programa de mano,Cuadernillo,Caballete,0,,,24.5,11,24,269.5,,,,
258,"Diego Mazuera, Puertos",1990,Octubre,,Impresión Plenty Ltda.,"Programa de mano, Invitación",Plegable,,0,,,21.2,23,4,487.6,,,,
259,Casa Flotante,2008,Julio,,,Programa de mano,Cuadernillo,Caballete,0,,,27,11,20,297,,,,
260,Cristina Llano,1990,Febrero,,Impresión Plenty Ltda.,"Programa de mano, Invitación",Plegable,,0,,,21.2,23,4,487.6,,,,
261,Luis Caballero,1990,Junio,,,Postal,Postal,,0,,,11.5,15.5,2,178.25,,,,
262,Constanza Aguirre,1990,Marzo,,Impresión Plenty Ltda.,"Programa de mano, Invitación",Plegable,,0,,,21.2,23,4,487.6,,,,
263,Carteles Cinematográficos,2009,Marzo,,,Invitación,Postal,,0,,,15,10.5,2,157.5,,,,
264,"Arboleda, Relieves",1990,Abril,,Escala,Programa de mano,Librillo,Caballete,0,,,24,21.6,16,518.4,,,,
265,Reconfiguraciones,2011,Agosto,Cactus,,Programa de mano,Plegable,,1,,,13,20,8,260,,,,
266,Reconfiguraciones,2011,Agosto,Cactus,,Cartilla Didáctica,Plegable,,1,,,22,28,6,616,,,,
267,"German Londoño, Pinturas Recienbres",1991,Octubre,Francisco Restrepo Nicholls,Excelsior Impresores,"Programa de mano, Catálogo",Cuadernillo,Caballete,0,,,21.3,28.5,16,607.05,,,,
268,Paige Abadi,1991,Junio,,Junio,Programa de mano,Plegable,,0,,,21.2,23,4,487.6,,,,
269,Hernando Ordoñez,1991,Octubre,,Impresión Plenty Ltda.,"Programa de mano, Invitación",Plegable,,0,,,21.2,23,4,487.6,,,,
270,Artistas de Buenos Aires,1991,Febrero,,Impresión Plenty Ltda.,Programa de mano,Librillo,Caballete,0,,,20.6,20.5,24,422.3,,,,
271,Master/Copy,2013,Marzo,Dos Hombres Lobos,Litho Copias Calidad,Catálogo,Librillo,Cosido Lateral,0,,,17.7,22,72,389.4,,,,
272,Master/Copy,2013,Marzo,Cactus,,Programa de mano,Plegable,,0,,,16,10,6,160,,,,
273,Master/Copy,2013,Marzo,Cactus,,Invitación,Volante,,0,,,21,14,2,294,,,,
274,Alberto Sojo,1991,Octubre,,Impresión Plenty Ltda.,Programa de mano,Plegable,,0,,,21.4,28,6,599.2,,,,
275,Joyeria Contemporanea Colombiana,1991,Septiembre,,Impresión Plenty Ltda.,Catálogo,Cuadernillo,Caballete,0,,,21,28,16,588,,,,
276,Rogelio Salmona / Miradas Transversales,2011,Mayo,Cactus,,Programa de mano,Plegable,,1,,,16,16,8,256,,,,
277,Liliana Porter,1991,Abril,,Impresión Plenty Ltda.,Programa de mano,Plegable,,0,,,21.4,23,4,492.2,,,,
278,Ocho Nuevos Artistas de Cali,1991,Febrero,,Impresión Plenty Ltda.,Programa de mano,Cuadernillo,Caballete,0,,,24,22.5,16,540,,,,
279,"Territorio en Discusión",2014,Noviembre,Cactus,,Programa de mano,Plegable,,1,,,17,24,8,408,,,,
280,Un hechizo en el espacio / El diablo probablemente,2015,Abril,Cactus,,Invitación,Postal,Sobre,1,,,18.5,12.5,6,231.25,,,,Sobre que contiene la invitación a las dos obras
281,Charla de Presentación por Antonio Caro,1991,Mayo,,,Postal,plegable,,0,,,15,21.7,4,325.5,,,,
282,Un hechizo en el espacio ,2015,Abril,Cactus,,Programa de mano,Poster,,1,,,21.5,28,2,602,,,,
283,Tejadita Viajero y Sibarita,2014,Diciembre,Cactus,,Invitación,plegable,,1,,,21.8,10.9,4,237.62,,,,
284,Tejadita Viajero y Sibarita,2014,Diciembre,Cactus,,Catálogo,Librillo,Caballete,1,,,22,15,44,330,,,,
285,Observaciones Sobre la Ciudad de Polvo,2013,Junio,Cactus,,Programa de mano,Cuadernillo,Caballete,1,,,10.9,15,24,163.5,,,,
286,Nueva Pintura Colombiana,2013,Junio,,,Programa de mano,Cuadernillo,Caballete,1,,,9,12,12,108,,,,
287,Bloc 2014,2014,Noviembre,Johnattan Ríos,,Programa de mano,Librillo,Encolado,0,,,17,22.1,35,375.7,,,,Librillo envuelto en un papel 
288,Requiem NN,2011,Enero,Cactus,,Programa de mano,plegable,,1,,,16,15,12,240,,,,
289,"Bajo el cemento, la tierra",2012,Julio,Cactus,,Programa de mano,plegable,,1,,,21,16,6,336,,,,
290,Presentación y Representación,2008,Noviembre,Cactus,,Programa de mano,plegable,,0,,,24,16,8,384,,,,
291,Protografías,2014,Octubre,Cactus,,Programa de mano,Cuadernillo,Caballete,1,,,11.2,15.2,16,170.24,,,,
292,Rojo y Más Rojo. Taller 4 Rojo. Producción gráfica y Acción Directa,2014,Marzo,,,Programa de mano,plegable,,0,,,23.5,32.5,4,763.75,,,,
293,Hacia el Litoral,2016,Septiembre,Cactus,,Programa de mano,plegable,,1,,,17,24,8,408,,,,
294,Testigo de oídas,2014,Febrero,Cactus,,Programa de mano,Cuadernillo,Caballete,1,,,11,15,20,165,,,,
295,Colonia Infancia: El reino del arte para explorar los sentidos,2015,Noviembre,Cactus,,Programa de mano,plegable,,1,,,8.5,12,16,102,,,,
296,Negreiros Retrospectiva Rompiendo espacios 1961–2007,2007,Septiembre,,,Programa de mano,plegable,,0,,,24,22,8,528,,,,
297,La Colección del Museo La Tertulia en Diálogo con la colección de la Fundación Arte Vivo Otero Herrera,2015,Febrero,Cactus,,Programa de mano,Cuadernillo,Caballete,1,,,11.5,17.5,30,201.25,,,,
298,Alloha & Calzadilla,2011,Enero,Cactus,,Invitación,volante,,0,,,14.2,10,2,142,,,,
299,I will always love you,2015,Febrero,Cactus,,Invitación,volante,,0,,,13.7,10.2,2,139.74,,,,
300,VIII Festival Nacional de Arte,1968,Junio,Peter Eggen G.,Carvajal & CIA,Programa de mano,Libro,,1,,,24.5,23,48,563.5,,d61.pdf,,
301,Exposición de Arte Virreinal Americano,1968,Noviembre,,,Catálogo,,,1,,,,,,0,,d62.pdf,,
302,"Mario Gordillo, Pinturas",1968,Febrero,,,Catálogo,,,1,,,,,,0,,d63.pdf,,
303,Pintura y Grabado hoy en Venezuela,1968,Diciembre,Rolando Dorrego,Editorial Arte,"Programa de mano, Catálogo",Librillo,Caballete,1,,,23.4,21.3,28,498.42,,d64.pdf,,
304,"Ricaurte - Miranda, Óleos y dibujos",1968,Octubre,,,Catálogo,Plegable,,1,,,23.2,16.9,6,392.08,,d65.pdf,,
305,"Cardenas, Òleos y dibujos",1968,Septiembre,,,Catálogo,Plegable,,1,,,23.1,16.8,6,388.08,,d66.pdf,,
306,Nueva Pintura,1991,Abril,,Plenty Ltda.,"Programa de mano, Catálogo",libro,Encolado,0,,,23.5,22.5,100,528.75,,,,
307,Luis Luna,1992,Febrero,,Plenty Ltda.,Programa de mano,Plegable,,0,,,21.3,23,4,489.9,,,,
308,Ruven Afanador,1992,Septiembre,,,Programa de mano,Plegable,,0,,,21.5,27.7,4,595.55,,,,
309,Nadin Ospina,1993,Mayo,,,"Programa de mano, Invitación",Plegable,,0,,,21.4,27.5,4,588.5,,,,
310,"Fotografía Brasileña, Historia y contemporaneidad",1992,Septiembre,,,programa de mano,librillo,Caballete,0,,,21.5,28,20,602,,,,
311,Jorge Julian Aristizabal,1992,Abril,,Plenty Ltda.,programa de mano,Plegable,,0,,,21.5,23,4,494.5,,,,
312,"Luis Fernando Pelaez, Ciudad",1992,Junio,,Plenty Ltda.,programa de mano,Plegable,,0,,,21,23,4,483,,,,
313,German Botero,1992,marzo,,Plenty Ltda.,programa de mano,Plegable,,0,,,21.1,22.9,4,483.19,,,,
314,"Tina Celis, Pintura",1993,Enero,,,programa de mano,Plegable,,0,,,21.3,23,4,489.9,,,,
315,Tuberculosis - sida: un diario,1992,Septiembre,Alberto Sierra,Imsergraf Ltda.,Catálogo,cuadernillo,caballete,0,,,21.4,27.5,8,588.5,,,sí,
316,"Lago y Saenza, Arquitectos",1992,Mayo,,plenty Ltda.,"Catálogo, Programa de mano",Plegable,,0,,,16.7,24.3,16,405.81,,,,
317,"Luis Fernando Pelaez, Ciudad",1992,Junio,Alberto Sierra,servigraficas,Catálogo,librillo,caballete,0,,,22,27.9,24,613.8,,,sí,
318,"Smythe, diario de viaje II",1992,mayo,Taller Uno,Editorial Lord Cochrane,"Programa de mano, Catálogo",Libro,Encolado,0,,,21,28,82,588,,,sí,
319,Maestros Colombianos a traves de la grafica Maria de la paz jaramillo,1993,Diciembre,,plenty Ltda.,programa de mano,plegable,,0,,,21.5,23,4,494.5,,,,
320,Beatriz Duque Pinturas,1993,Octubre,,plenty Ltda.,programa de mano,plegable,,0,,,21.5,23,4,494.5,,,,
321,homenaje a Marta Traba,1993,Noviembre,,,"Invitación, programa de mano",volante,,0,,,21.4,22.3,2,477.22,,,,
322,Irma Constanzo,1967,Noviembre,,,Catálogo,Plegable,,0,,,16.5,23,4,379.5,,,,
323,Luis Roldán Pinturas,1993,Noviembre,,,programa de mano,plegable,,0,,,21.5,27.3,6,586.95,,,,
324,Flora y magia,1993,Noviembre,,,programa de mano,plegable,,0,,,21.5,22.2,4,477.3,,,si,
325,Rafael Ortiz premio pintura Edmon Cobo,1994,Noviembre,Luz Stella Hernández P.,Plenty Ltda.,"Catalogo, Programa de mano",librillo,caballete,0,,,24,22.5,12,540,,,,
326,Jan Bartelsman Retrospectiva,1994,junio,Hugo Garcia,Plenty Ltda.,"programa de mano, catalogo",librillo,caballete,0,,,17,25.6,8,435.2,,,,
327,"Gabriel Silva pinturas, dibujos y objetos",1994,Agosto,,Plenty Ltda.,programa de mano,plegable,,0,,,21.3,22.3,4,474.99,,,,
328,"Bernardo Salcedo, Objetos",1994,Abril,,Plenty Ltda.,programa de mano,plegable,,0,,,21.4,22.4,4,479.36,,,,
329,"Juan Antonio Roda, Tierra de nadie, dibujos.",1994,Febrero,,,programa de mano,plegable,,0,,,21.4,22.4,4,479.36,,,,
330,"Jim Amaral, Esculturas",1994,Octubre,,Plenty Ltda.,programa de mano,plegable,,0,,,21.4,22.4,4,479.36,,,,
331,"Luis Fernando Escobar, pinturas",1994,junio,,Plenty Ltda.,programa de mano,plegable,,0,,,21.4,24.2,4,517.88,,,,
332,"Enrique Grau, Galapagos Series, iguanas",1996,Febrero,Alejandra Luzardo,,Programa de mano,Cuadernillo,caballete,0,,,23.5,23.5,12,552.25,,,,
333,Ocho Artistas de Cali,1994,Enero,,,Programa de mano,Cuadernillo,caballete,0,,,21.8,21.5,20,468.7,,,,
334,Cuatro Pintores de Cartagena,1994,Marzo,,,Programa de mano,plegable,,0,,,17.2,23.7,8,407.64,,,,
335,"Collaborations, Artists + Printers",1991,Enero,vaughn/ wedeen Creative,,"Programa de mano, Catálogo",Libro,Encolado,0,,,13.4,27.3,74,365.82,,,,
336,Punto de Apoyo,1994,Octubre,Russell Hassell,Thorner press,Programa de mano,Plegable,,0,,,21.7,21.7,8,470.89,,,,
337,Maestros Colombianos a Traves de la Gáfica ,1994,Octubre,,Plenty Ltda.,Catálogo,plegable,,0,,,20.8,23,4,478.4,,,,
338,"Miguel Angel Reyes, Pinturas",1995,Mayo,,plenty Ltda.,Programa de mano,plegable,,0,,,21.4,22.8,4,487.92,,,,
339,"Arquitectura del Ferrocarril del Pacífico, Planos y Dibujos",1994,Marzo,,Plenty Ltda.,Programa de mano,Libro,Encolado,0,,,22.1,22.4,24,495.04,,,,
340,Elias Heim,1994,Noviembre,Luz Stella Hernández P.,Plenty Ltda.,Programa de mano,Cuadernillo,caballete,0,,,22.5,28,4,630,,,,
341,Eduardo Mac Entyre,1969,Diciembre,,,"Catálogo, Programa de mano",Plegable,,1,,,17.5,23.4,6,409.5,,d67.pdf,,
342,"Enrique Grau, Óleos, Temperas, Dibujos",1969,Mayo,,,Catálogo,,,1,,,,,,0,,d68.pdf,,
343,"Gian-Franco Galante, Oleos",1969,Abril,,,Catálogo,Plegable,,1,,,23.4,17.8,6,416.52,,d69.pdf,,
344,"Ruby Posada, Grabados ",1997,Junio ,,,Programa de mano ,Plegable ,,0,,,21.6,28,4,604.8,,,,
345,Ofelia Rodrigues,1995,Abril,,Plenty Ltda.,Programa de mano,Plegable,,0,,,22,28.4,6,624.8,,,,
346,Cuarenta años Museo de Arte Moderno La Tertulia ,1996,Septiembre,Dicken Castro ,,Invitación ,plegable,,0,,,10.3,21,4,216.3,,,,
347,"Óscar Muñoz, Narcisos",1995,Octubre,Luz Stella Hernández,Plenty Ltda.,Programa de mano,Cuadernillo,Caballete,0,,,21.6,21.5,20,464.4,,,,
348,"Olga de Amaral, Stelae y paisajes ",1997,Enero ,NA ,,Catálogo ,Cuadernillo,Caballete,0,,,20.7,20.9,20,432.63,,,,
349,Comportamiento del Paisaje,1995,Mayo,Luz Stella Hernández,Plenty Ltda.,"Programa de mano, Catálogo",Librillo,Caballete,0,,,21.5,31,28,666.5,,,,
350,Travesía Anna María Botero,2007,Diciembre,NA ,,Programa de mano,Plegable,n,0,,,14,21.5,4,301,,,,
351,"Rufino Tamayo, Francisco Toledo, Jose Luis Cuevas. Tres Maestros Mexicano",1997,Abril ,Luz Stella Hernández,Plenty Ltda.,Programa de mano ,Cuadernillo,,0,,,21.4,27.9,4,597.06,,,,
352,Informe de labores del Museo de Arte Moderno La Tertulia,1996,Diciembre,NA ,,Boletín,Cuadernillo,Caballete,0,,,16.5,21.5,16,354.75,,,,Edición Rústica casera
353,"Alvaro Barrios, Los cincuenta caminos de la vida ",1997,Marzo ,Luz Stella Hernández,Plenty Ltda.,Catálogo ,Cuadernillo,Caballete,0,,,24.3,28,16,680.4,,,,
354,Visiones Latinoamericanas ,1997,Febrero ,Luz Stella Hernández,Plenty Ltda.,Programa de mano ,Plegable,,0,,,21.7,27.9,4,605.43,,,,
355,"Floras, Diana Saldarriaga",2007,Junio,NA ,,programa de mano,Cuadernillo,Caballete,0,,,15,15,12,225,,,,
356,Siete maestros colombianos a traves de la grafica ,1998,Febrero ,NA ,,Programa de mano ,plegable,,0,,,20.9,26.8,4,560.12,,,,
357,"Rey Tattoo, Carlos Zerpa, Pinturas - Esculturas ",1997,Agosto,Luz Stella Hernández,Efex,Programa de mano ,plegable,,0,,,21.4,27.9,4,597.06,,,,
358,Eduardo Muñoz Bachs carteles cinematográficos,2007,Marzo ,,,invitacion,volante,,0,,,11,22.9,2,251.9,,,,
359,"Maria Cristina Cortes, Serie caldos de cultivo ",1997,Diciembre,,,Programa de mano ,Plegable ,,0,,,21.9,27,6,591.3,,,,
360,"Fernell Franco, Retratos de ciudad",1997,Octubre,,Efex,Programa de mano ,Plegable ,,0,,,22,21.8,6,479.6,,,,
361,"Monica Meira, pinturas",2007,Mayo,,,invitacion,volante,,0,,,11,23,2,253,,,,
362,Maria Thereza Negreiros,1997,Noviembre,,Feriva S.A.,Programa de mano ,Plegable,,0,,,19.5,25,16,487.5,,,,
363,"Rojo sobre Rojo. Johnnie Walker en las artes, Programa anual Johnnie Walker Red Label 1997 - 1998",1998,Marzo ,Camilo Umaña Caro ,Litografía Arco ,Catálogo ,Libro ,Encolado ,0,,,21,29.9,100,627.9,,,,
364,Imaginación y Fantasía - Lista de obras,1997,Mayo ,Luz Stella Hernández,Plenty Ltda.,Catálogo ,Cuadernillo,Encolado ,0,,,21.4,27.8,14,594.92,,,,
365,Gustavo Zalamea,1996,Agosto,,,programa de mano,plegable,,0,,,21,28,4,588,,,,
366,Imaginación y Fantasía ,1997,Mayo ,Luz Stella Hernández,Plenty Ltda.,Catálogo ,Libro ,Encolado ,0,,,21.5,27.9,36,599.85,,,,
367,"Hugo Zapata, Edgar Negret, Arte y Tiempo",1995,Marzo,,,Programa de mano,Cuadernillo,Caballete,0,,,21.5,28,12,602,,,,
368,"VIII Salón Regional, Zona 8, Valle del Cauca",1997,Octubre,"José Horacio Martínez, Pilar Shaikh",Feriva S.A.,Catálogo ,Librillo ,Caballete,0,,,16,16,38,256,,,,
369,Arte contemporáneo colombiano en el museo de arte moderno la tertulia,1997,Mayo ,Camilo Umaña Caro ,"Panamericana, formas e impresos",Catálogo ,Libro ,Encolado ,0,,,24,28,72,672,,,,
370,"Óscar Muñoz, Narcisos",1995,Octubre,,,Invitación,poster,,0,,,20,27.1,1,542,,,,
371,Programación de eventos sept-octubre 2007,2007,septiembre,,,programacion,plegable,,0,,,21,10,8,210,,,,
372,"Jose Luis Cuevas, Suite Madrileña",1995,septiembre,,Plenty Ltda.,Programa de mano,plegable,,0,,,21.5,22.8,6,490.2,,,,
373,"Programación de eventos, julio- Agosto",2007,Julio,,,programacion,plegable,,0,,,10,21,8,210,,,,
374,Informe de labores del Museo de Arte Moderno La Tertulia,1995,Diciembre,,,Informe,cuadernillo,Caballete,0,,,16.5,21.7,16,358.05,,,,
375,"Gregorio Cuartas, Pinturas y Dibujos",1995,Junio,,Plenty Ltda.,Invitación,volante,,0,,,16.6,23.6,2,391.76,,,,
376,"Monica Meira, pinturas",2007,febrero,Miguel Cardenas,Saenz y Cia,"Catalogo, Programa de mano",cuadernillo,encolado ,0,,,21,27.8,28,583.8,,,,si
377,Acuaticas,1995,Enero,,Plenty Ltda.,"Programa de mano, Catálogo",Cuadernillo,Caballete,0,,,21.5,27.5,16,591.25,,,,
378,Ex-Libris,1989,Octubre,Ernesto Restrepo,Edinalco Ltda.,"Programa de mano, Catálogo",Cuadernillo,Caballete,0,,,21.8,28,12,610.4,,,,
379,Movilización: El diseño para reunír,2001,septiembre,Evans & Wong,,"Programa de mano, Catálogo",Librillo ,encolado ,0,,,18,18,52,324,,,,
380,imaginario,1996,enero,,,programa de mano,postales,,0,,,21.5,21.5,12,462.25,,,,
381,"Jim amaral, Rodrigo Callejas, María de la Pazz Jaramillo Nadin Ospina Maria Clara Piñeyros",1996,Noviembre,Luz Stella Hernández,Plenty Ltda.,"Programa de mano, Catálogo",Plegable,,0,,,21.5,28.1,6,604.15,,,,
382,"Salvador Dalí, Roberto Sebastían Matta, obra grafica",1995,Noviembre,,,"Programa de mano, Invitación",postal,,0,,,16.5,23,,379.5,,,,
383,Natalia Restrepo,1996,Junio,,Plenty Ltda.,Programa de mano,Cuadernillo,Caballete,0,,,21.4,27.9,8,597.06,,,,
384,"Enrique Grau, Las Mariamulatas, Las Galapagos",1996,Abril,,Plenty Ltda.,Programa de mano,Plegable,,0,,,21.5,27.9,6,599.85,,,,
385,Ignacio Gomez Jaramillo 1910-1970,1989,Mayo,Alberto Sierra,Edinalco Ltda.,"Programa de  mano, catalogo",Cuadernillo,Caballete,0,,,21.3,23.5,16,500.55,,,,
387,"Pablo Van Wong, Esculturas",1993,Octubre,,Plenty Ltda.,Programa de mano,Plegable,,0,,,21.2,27.4,6,580.88,,,,
388,Atrato,2007,Julio,,,invitación,postal,,0,,,15,12,2,180,,,,
389,Carlos Rojas,1996,Marzo,,Plenty Ltda.,invitación,Postal,,0,,,16.6,23.6,2,391.76,,,,
390,Jose Horacio Martinez,1996,Mayo,Luz Stella Hernández,Plenty Ltda.,Programa de mano,Plegable,,0,,,21.6,28,6,604.8,,,,
391,Programa de eventos Noviembre,2007,Noviembre,,,programacion,plegable,,0,,,10,21,8,210,,,,
392,Programación de eventos  Marzo,2007,,,,,,,,,,,,,0,,,,
393,Revolución y Simulacro. Estrategias de Guerrilla de Mercado,2013,Mayo,,,Programa de mano,Plegable,,0,,,16,14.8,6,236.8,,,,
394,"El arte como experiencia, Un museo con historia",2012,Marzo,,,Invitación,"postal, plegable",,0,,,14,21.5,4,301,,,,
395,En cuAAtro,2010,Diciembre,,,invitación,poster,,0,,,17.5,25,16,437.5,,,,
396,Rutas del Fragmento a la constelación,2015,Agosto,,,Programa de mano,Plegable,,0,,,10.9,28,8,305.2,,,,
397,El Sueño,1999,Abril,,,Programa de mano,Plegable,,0,,,21.5,28,6,602,,,,
398,Maria Clara Piñeyro Pinturas - Muebles,1999,Mayo,,,Programa de mano,Plegable,,0,,,21.5,28,6,602,,,,
399,Rojo y Más Rojo. Taller 4 Rojo. Producción gráfica y Acción Directa,2014,Marzo,,,Programa de mano,Cuadernillo,Caballete,0,,,14,21,16,294,,,,
400,"Wilson Díaz ""Retrospectiva""",1998,Noviembre,,,Programa de mano,Plegable,,0,,,21.5,28,6,602,,,,
401,Brasil,1999,Marzo,,,Programa de mano,Plegable,,0,,,21.5,28,6,602,,,,
402,Cuatro Objetivos Cuatro Miradas,1998,Agosto,"Andrés Fresneda, Juan Pablo Fajardo",,Programa de mano,Encuadernado,Caballete,0,,,14.1,21.3,8,300.33,,,Sí,
403,Carmen Espinosa Intentos,1999,Octubre,,,Programa de mano,Plegable,,0,,,21.5,28,6,602,,,,
404,Programación de eventos MayoJunio,2007,Mayo,,,programacion,plegable,,0,,,10,21,8,210,,,,
405,Programación de eventos Julio–Agosto,2007,Julio,,,programacion,plegable,,0,,,10,21,8,210,,,,
406,Siete Artistas Colombianos A Traves de la Gráfica,1998,Febrero,,,Invitación,Postal,,0,,,20.9,10,1,209,,,,
407,Pluridimensional: 20 Artistas Colombianos en la Colección del Museo de Arte Moderno La Tertulia,1999,Junio,,,Programa de mano,Plegable,,0,,,21.5,28,6,602,,,,
408,Las estrellas en el  tropico,1998,Enero,Francisco Restrepo Nicholls,Excelsior Impresores,"Catalogo, programa de mano",cuadernillo,Caballete,0,,,21,28,16,588,,,,
409,"Lorenzo Jaramillo, Grabados y Dibujos",1998,Marzo,Luz Stella Hernández,Efex,"Programa de mano, Catálogo",Cuadernillo,Caballete,0,,,17.5,22.8,12,399,,,,
410,"Carlos Andrade, pinturas, cajas de luces y monotipos",1998,Marzo,,,Programa de mano,plegable,,0,,,21.5,26,6,559,,,,
411,"Rodrigo Facundo, en la Punta de la Lengua",1998,Septiembre,,,Programa de mano,Cuadernillo,Caballete,0,,,21.3,27.7,4,590.01,,,,
412,Carlos Salas Silva,1998,Noviembre,,,Programa de mano,Cuadernillo,Caballete,0,,,21.5,28,8,602,,,,
413,"Ana Claudia Múnera, Video - Instalaciones",1998,Octubre,,,Programa de mano,plegable,,0,,,21.5,27.9,6,599.85,,,,
414,"Cristina Llano, pinturas y dibujos",1998,Abril,,,programa de mano,plegable,,0,,,21,27.7,4,581.7,,,,
415,Guillermo Marín,1999,Octubre,,,Programa de mano,Plegable,,0,,,21.5,28,4,602,,,,
416,Hilda Crovo - Pinturas,1998,Junio,,,Programa de mano,poster,,0,,,21.4,29.5,2,631.3,,,,
417,Jorge González Dibujos,1999,Febrero,,,Programa de mano,Plegable,,0,,,21.5,28,4,602,,,,
418,"Jaime Iregui , El último vehiculo",1998,Junio,,,Programa de mano,Plegable,,0,,,21.5,28,4,602,,,,
419,Manglares Hernando Tejada,1999,Agosto,,,Programa de mano,Plegable,,0,,,21.5,28,6,602,,,,
420,Negret,1999,Septiembre,Luz Stella Hernández,,"Programa de mano, Catálogo",Cuadernillo,Caballete,0,,,21.5,28,16,602,,,,
421,Exposición Homenaje,1998,Julio,,,Programa de mano,Cuadernillo,Caballete,0,,,21.5,27.8,12,597.7,,,,
422,"Miguel Bohmer, la gloria, la corte, el mundo",2000,Enero,,,Programa de mano,plegable,,0,,,21.5,21.5,6,462.25,,,,
423,Lydia Azout,1999,Junio,,,Programa de mano,Cuadernillo,Caballete,0,,,16.7,18.6,8,310.62,,,,
424,"de ninfas tropicales, Variaciones",2000,Febrero,"Juan Pablo Fajardo, Andrés Fresneda",La Silueta,Programa de mano,Librillo,Caballete,0,,,16.5,23.5,28,387.75,,,,
425,Beatriz González ,2000,Mayo,,,programa de mano,cuadernillo,caballete,0,,,21,28,8,588,,,,
426,Sobre la muerte,2000,Febrero,Fernando Escobar,,"Programa de mano, Catálogo",plegable,,0,,,16.3,23,18,374.9,,,,
427,"Leonel Góngora, Obra Gráfica",2000,Marzo,,,Programa de mano,plegable,,0,,,21.6,28,6,604.8,,,,
428,De-lineamientos,2000,Junio,,,Programa de mano,plegable,,0,,,14.5,20.7,18,300.15,,,,
429,Ana Velasco Ficciones retinianas,2000,Octubre,,,programa de mano,plegable,,0,,,21.5,27.5,6,591.25,,,,
430,Angela Villegas- Pinturas Recientes,2000,Agosto,,,programa de mano,plegable,,0,,,21.5,27.6,6,593.4,,,,
431,Enrique Grau,2000,Noviembre,,,Catalogo,cuadernillo,caballete,0,,,24,22.5,12,540,,,,
432,"Wols -  Fotografías, acuarelas y Grabados",2000,Mayo,,,Catálogo,cuadernillo,caballete,0,,,15.5,23.3,20,361.15,,,,
433,A propósito del Lugar,2016,Noviembre,Cactus,Impresos Richard,Programa de Mano,plegable,,1,,,16.8,24,4,403.2,,,,
434,Imágenes Succionantes/Paisajes Intervenidos,2001,Diciembre,Juan Carlos Páramo,Panamericana,Catálogo,Librillo,Encolado,0,,,19,22,74,418,,,,
435,Elias Heim,1999,Octubre,,,Programa de mano,cuadernillo,Caballete,0,,,21,27.5,8,577.5,,,,
436,Testigos Silenciosos,2001,Julio,,Servigraficas Ltda.,Programa de mano,cuadernillo,Caballete,0,,,21,28.1,12,590.1,,,,
437,Rosemberg Sandoval,2001,Septiembre,,Feriva,"Programa de mano, Catálogo",cuadernillo,Caballete,0,,,21.4,27.8,24,594.92,,,,
438,"Horst Janssen, Aguas Fuertes",2001,Abril,,,Catálogo,cuadernillo,Caballete,0,,,21.4,27.4,20,586.36,,,,
439,Pablo Van Wong,2001,Agosto,,,Programa de mano,Cuadernillo,Caballete,0,,,21.5,27.9,8,599.85,,,,
440,Kim Manresa,2004,Febrero,,,Programa de mano,Plegable,,0,,,21,42,4,882,,,,
441,Retratos y Autoretratos,2001,Mayo,,,Programa de mano,"Plegable, Poster",,0,,,14.4,21.4,18,308.16,,,,
442,Jaime Franco ,2004,,,,Programa de mano,Cuadernillo,Caballete,0,,,21,27.4,12,575.4,,,,
443,Herbario de plantas artificiales - Alberto Baraya ,2004,Junio ,,,Programa de mano,Plegable,,0,,,14,21,4,294,,,,
444,Una mirada intimista - Arte Colombiano,2003,Diciembre,,,Programa de mano ,"Plegable, Poster",,0,,,14.3,20.7,18,296.01,,,,Se entregaba a los visitantes un plegable- afiche. 
445,Fernell Franco - Otro documento ,2004,Septiembre,,,Programa de mano,"Plegable, Poster",,0,,,47.5,67.2,2,3192,,,,
446,Enrique Grau - 1920 - 2004 y su generación,2004,Junio ,,,Invitación,Postal ,,0,,,13.5,19.5,2,263.25,,,,
447,Gráfica Norteamericana ,2003,Diciembre,,,Programa de mano ,"Plegable, Poster",,0,,,14.4,20.7,18,298.08,,,,
448,Secuencias de estudio,2001,Febrero,,,Programa de mano ,"Plegable, Poster",,0,,,14,21.5,18,301,,,,
449,Marta Traba 1930 - 1983,2003,Febrero,,,Programa de mano ,"Plegable, Poster",,0,,,13.8,20.6,18,284.28,,,,
450,Riesgo - Carlos Andrade y Todd Ayoung,2003,abril,,,Programa de mano ,Cuadernillo,Caballete,0,,,21,27.5,8,577.5,,,,
451,Hilda Crovo - Pinturas,1998,junio ,,,Programa de mano ,Poster,,0,,,21.5,29.5,2,634.25,,,,
452,Dibujar en las Américas ,2004,Septiembre,,,Programa de mano ,"Plegable, Poster",,0,,,14.4,21,18,302.4,,,,
453,Bestiario,2000,Septiembre,,,Programa de mano,"Plegable, Poster",,0,,,,,18,0,,,,
454,Enrique Grau Grabados 1942 - 2002,2003,,,,Programa de mano,Plegable,,0,,,14,24,6,336,,,,
455,XIX Bienal Colombiana de Arquitectura ,2004,Agosto ,,,Informativo del area de Eduación,,,0,,,21.6,27.8,1,600.48,,,,
456,Naturaleza y Paisaje ,2002,Mayo,,,Programa de mano,"Plegable, Poster",,0,,,14.5,21,18,304.5,,,,
457,Jaime Ávila Diez metros cúbicos - Cuarto Mundo,2004,Mayo ,,,Programa de mano ,"Plegable, Poster",,0,,,14.4,21,18,302.4,,,,
458,Seis Artistas Colombianos ,2002,Abril ,,,Programa de mano ,"Plegable, Poster",,0,,,14.2,21,18,298.2,,,,
459,Distancia y proximidad,2002,Julio,Hans Peter Becher,Ostfildern Bei Stuttgart,Programa de mano,Librillo,caballete,0,,,22,29.6,24,651.2,,,,
460,Acotaciones Entorno a la fotografía,2002,Octubre ,,,Catálogo,Cuadernillo,Caballete,0,,,20.8,27.5,14,572,,,,
461,Antonio Caro ,2002,Septiembre,,,Catálogo,Cuadernillo,Caballete,0,,,20.8,27.5,16,572,,,,
462,Jaime Cárdenas Matallana ,2002,Noviembre,,,Programa de mano,"Plegable, Poster",,0,,,14.5,21.2,18,307.4,,,,
463,Arquitectura de la memoria - Manuel Hernández ,2002,,,,Catálogo ,Librillo,Encolado,0,,,20,26,34,520,,,,
464,Texto y Textualidad ,2002,Marzo ,,,Programa de mano,"Plegable, Poster",,0,,,14.5,21.2,18,307.4,,,,
465,Elias Heim,2003,Febrero,,,Programa de mano,Cuadernillo,Caballete,0,,,21,27.4,8,575.4,,,,
466,Martin Chambi,2002,,,,Programa de mano,"Plegable, Poster",,0,,,14.5,21,18,304.5,,,,
467,Juan Manuel Echavarria - La maría y otras series ,2003,Febrero ,,,Programa de mano ,Cuadernillo,,0,,,21,27.5,8,577.5,,,,
468,Europeos en París - 12 fotografos franceses,2003,Julio ,,,Programa de mano,Plegable,,0,,,14,21.6,4,302.4,,,,
469,François Dolmetsch - Retrospectiva,2003,Mayo ,,,Programa de mano ,Plegable,,0,,,10,22.5,6,225,,,,
470,Contra el olvido - Exposición de fotografía,2005,Febrero ,,,Programa de mano,Plegable,,0,,,18,17.9,4,322.2,,,,
471,El artista y la alquimia - Litografías del Tamarind Institute,2005,Marzo ,,,Programa de mano,Plegable - Poster ,,0,,,24.3,34.2,8,831.06,,,,
472,François Dolmetsch Fotografías - Retrospectiva ,2005,,,,Programa de mano,Plegable,,0,,,14,24,6,336,,,,
473,François Dolmetsch Sinfonía desnuda,2005,Marzo,,,Programa de mano,Plegable,,0,,,16,22,6,352,,,,
474,Ana Mercedes Hoyos - Antología ,2005,Septiembre,,,Programa de mano,Plegable,,0,,,14,23.4,4,327.6,,,,
475,Juan Antonio Roda - Grabados ,2005,Septiembre,,,Programa de mano,Plegable,,0,,,14,23.4,4,327.6,,,,
476,En torno al cuerpo,2005,Octubre,,,Programa de mano,Postal ,,0,,,14,28,2,392,,,,
477,"Ángela Villegas ""Fragmentum""",2005,Junio,,,Programa de mano,Plegable,,0,,,12,12,6,144,,,,
478,"Ángela Villegas ""Fragmentum""",2005,Junio,,,Invitación ,Postal ,,0,,,12,12,2,144,,,,
479,El acontecer social en la vida de Pedro Nel Gómez ,2005,Septiembre,,,Programa de mano,Plegable,,0,,,21.5,28,6,602,,,,
480,Diez artistas Vallecaucanos ,2006,Abril ,,Imprenta departamental del Valle del Cauca,Programa de mano,Plegable,,0,,,13.9,21.5,4,298.85,,,,
481,Dibujos Españoles del siglo XX,2006,Marzo,,,Catálogo,Librillo,caballete,0,,,22.8,28,36,638.4,,,,
482,Eduardo Ramírez Villamizar y su entorno ,2006,Febrero,,,Programa de mano,Plegable,,0,,,14.3,21,18,300.3,,,,
483,Erika Diettes - Silencios,2006,Enero,,,Programa de mano,Plegable,,0,,,14,23.5,4,329,,,,
484,Carlos Duque - Mi selección Colombia,2006,Julio ,,Roman Group ,Programa de mano,Plegable,,0,,,21.5,28,6,602,,,,
485,Alberto Cogno,1967,Octubre,,,Programa de mano,plegable,,0,,,16,21.5,4,344,,,,
486,Ómar Rayo - Fosíl del fuego Homenaje 80 años,2007,Diciembre,,,Invitación ,Plegable,,0,,,18,13,4,234,,,,
487,El retrato: Realidad y Percepción,2005,Abril ,,,Boletín,Plegable,,0,,,11,21,6,231,,,,
488,Exposición de vitrales,1960,Noviembre,,,Catálogo,Plegable,,0,,,8,29.8,4,238.4,,,,
489,Artesanìa,1967,Diciembre,"Gloria de Arellano, Consuelo Lago, Lola de Lago ",,Programa de mano,Carpeta,,0,,,22.9,29.4,12,673.26,,,,"El formato carpeta encuerra varias hojas sueltas, en este caso son 10 hojas, impresas en una cara"
490,Jan Bartelsman,1969,Noviembre,,,"Porgrama de mano, Catálogo",Plegable,,0,,,23.3,17.8,6,414.74,,,,
491,Jose Mina,1969,Agosto,,,Catálogo,Plegable,,0,,,23.3,17.3,6,403.09,,,,
492,Lucy Tejada,1969,Marzo,,,Catálogo,Plegable,,0,,,23.3,17.8,6,414.74,,,,
493,Rogelio Polesello y Lia Kaufman,1969,Mayo,,,Programa de mano,Plegable,,0,,,23.3,17.8,6,414.74,,,,
494,Luis Fonseca,1971,Julio,,,Invitación,Postal,,0,,,22,10.1,1,222.2,,,,
495,Festival Panamericano de Cultura,1971,Febrero,,,Programa de mano,"plegable, Poster",,0,,,10,39.5,7,395,,,,el documento se encuentra impreso solo por una cara
496,David Manzur y Augusto Rivera,1970,Septiembre,,,Catálogo ,Plegable,,0,,,16.7,22.5,8,375.75,,,,
497,Símbolos,1970,Octubre,,,Catálogo,Cuadernillo,caballete,0,,,19.9,19.9,12,396.01,,,,
498,Gustavo Espinosa,1970,Enero,,,Catálogo,Plegable,,0,,,23.4,17.2,6,402.48,,,,
499,Francisco Todó,1970,Marzo,,,Catálogo,Plegable,,0,,,23.2,26.7,6,619.44,,,,
500,Enrique Tábara,1970,Abril ,,,Catálogo,Plegable,,0,,,23.3,16.8,6,391.44,,,,
501,El Hombre y sus Pensamientos a través del Arte,1970,Junio,,,"Programa de mano, Catálogo",Libro,Encolado,0,,,17.9,24,74,429.6,,,si,
502,Grabados,1972,Diciembre,,,Catálogo,Plegable,,0,,,16.5,22.5,8,371.25,,,,
503,Revelaciones ,1994,Agosto,,Plenty Ltda.,"Programa de mano, Catálogo",Librillo,Encolado,0,,,22,32.3,28,710.6,,,si,
504,Pulsiones,1993,Mayo,Luz Stella Hernández,Plenty Ltda.,"Catálogo, Programa de mano",Cuadernillo,caballete,0,,,22.3,28.2,48,628.86,,,,
505,Gabrio Tosti di Valminuta,1973,Febrero,,,Catálogo,"plegable, postal",,0,,,15.3,21.4,4,327.42,,,,
506,Noe Nojechowiz,1973,Junio,,Arte Moderno & Cia Ltda.,Programa de mano,Postal Plegable,,0,,,16.3,22.3,4,363.49,,,,
