id_expo,id_obra,nombre_expo,nombre_obra,ano
ex.67,o.3955,Óscar Pantoja*1962,Pintura*Óscar Pantoja*1962,1962
ex.75,o.3908,Herrán - Pinturas*1963,El aleph*Álvaro Herrán*1960,1963
ex.77,o.2152,XV Salón de Artistas Colombianos*1963,Pájaro romántico*Pedro Alcántara Herrán*1963,1963
ex.97,o.2404,Beatriz González*1965,Niña Johnson I*Beatriz González*1965,1965
ex.166,o.2114,Diez Años de Arte Colombiano*1971,El martirio agiganta a los hombres-raíz*Pedro Alcántara Herrán*1966,1971
ex.166,o.3202,Diez Años de Arte Colombiano*1971,El enroscamiento de la plata sangrante*Álvaro Barrios*1974,1971
ex.166,o.3036,Diez Años de Arte Colombiano*1971,Histerica*Feliza Bursztyn*1979,1971
ex.166,o.2110,Diez Años de Arte Colombiano*1971,Sin título*Luis Caballero*1968,1971
ex.166,o.3910,Diez Años de Arte Colombiano*1971,Dos espacios en equilibrio*David Manzur*1969,1971
ex.166,o.3915,Diez Años de Arte Colombiano*1971,Arrebol*Ómar Rayo*1969,1971
ex.166,o.2303,Diez Años de Arte Colombiano*1971,Cajas*Bernardo Salcedo*1969,1971
ex.166,o.2305,Diez Años de Arte Colombiano*1971,Teresa la mujer mesa*Hernando Tejada*1970,1971
ex.166,o.3922,Diez Años de Arte Colombiano*1971,Color de rosa*Lucy Tejada*1968,1971
ex.167,o.2503,Grabados de Peter Milton*1972,Return*Peter Milton*1969,1972
ex.167,o.2502,Grabados de Peter Milton*1972,Morning with judd*Peter Milton*1968,1972
ex.167,o.2504,Grabados de Peter Milton*1972,"De la serie: THE JOLLY CORNER SUITE, III:1*Peter Milton*1971",1972
ex.167,o.3545,Grabados de Peter Milton*1972,"Parade, IIstage*Peter Milton*1967",1972
ex.167,o.2853,Grabados de Peter Milton*1972,Passage III*Peter Milton*1972,1972
ex.168,o.3916,La Constante Geométrica en la Obra de Ómar Rayo*1972,Catío *Ómar Rayo*1970,1972
ex.168,o.2105,La Constante Geométrica en la Obra de Ómar Rayo*1972,La bandera baila blanca*Ómar Rayo*1969,1972
ex.168,o.2525,La Constante Geométrica en la Obra de Ómar Rayo*1972,Made in japan*Ómar Rayo*1963,1972
ex.172,o.2029,La Obra Gráfica de Lorenzo Homar*1972,II bienal latinoamericana del grabado. Puerto rico*Lorenzo Homar*1972,1972
ex.172,o.2024,La Obra Gráfica de Lorenzo Homar*1972,José Campeche*Lorenzo Homar*1970,1972
ex.172,o.2025,La Obra Gráfica de Lorenzo Homar*1972,José Campeche*Lorenzo Homar*1970,1972
ex.172,o.2030,La Obra Gráfica de Lorenzo Homar*1972,Homenaje póstumo a Bertrand Russell*Lorenzo Homar*1970,1972
ex.172,o.2036,La Obra Gráfica de Lorenzo Homar*1972,Colección xylon*Lorenzo Homar*1970,1972
ex.172,o.2036,La Obra Gráfica de Lorenzo Homar*1972,Colección xylon*Lorenzo Homar*1970,1972
ex.172,o.2945,La Obra Gráfica de Lorenzo Homar*1972,El sapo*Lorenzo Homar*,1972
ex.173,o.2542,Juan Antonio Roda*1972,Retrato de un desconocido #3*Juan Antonio Roda*1971,1972
ex.173,o.2675,Juan Antonio Roda*1972,Retrato de un desconocido #3*Juan Antonio Roda*1971,1972
ex.174,o.2640,Grabados Cartón de Colombia*1972,La cita*Enrique Grau*1972,1972
ex.174,o.2594,Grabados Cartón de Colombia*1972,La paloma*Aníbal Gil*1972,1972
ex.174,o.2595,Grabados Cartón de Colombia*1972,Recuerdo*Juan Antonio Roda*1972,1972
ex.174,o.2565,Grabados Cartón de Colombia*1972,Sin título*Phanor León*1972,1972
ex.174,o.2597,Grabados Cartón de Colombia*1972,El*Santiago Cárdenas*1972,1972
ex.174,o.2584,Grabados Cartón de Colombia*1972,Tema celeste*Manuel Espinoza*1972,1972
ex.174,o.2585,Grabados Cartón de Colombia*1972,Cuerpos de claridad*Luisa Palacios*1972,1972
ex.174,o.2586,Grabados Cartón de Colombia*1972,Sombra amante*Luisa Palacios*1972,1972
ex.174,o.2587,Grabados Cartón de Colombia*1972,Boreal*Alejandro Otero*1972,1972
ex.174,o.2588,Grabados Cartón de Colombia*1972,Austral*Alejandro Otero*1972,1972
ex.174,o.2590,Grabados Cartón de Colombia*1972,Helios*Mercedes Pardo*1972,1972
ex.174,o.2589,Grabados Cartón de Colombia*1972,Apurado no. 1*Alirio Palacios*1972,1972
ex.174,o.2591,Grabados Cartón de Colombia*1972,Grupo místico*Luis Guevara Moreno*1972,1972
ex.174,o.2592,Grabados Cartón de Colombia*1972,La batalla*Luis Guevara Moreno*1972,1972
ex.174,o.2575,Grabados Cartón de Colombia*1972,Funeral*Rafael Coronel*1972,1972
ex.174,o.2576,Grabados Cartón de Colombia*1972,La potranca*Francisco Corzas*1972,1972
ex.174,o.2577,Grabados Cartón de Colombia*1972,Azul en trayectoria*Roberto Donis*1972,1972
ex.174,o.2578,Grabados Cartón de Colombia*1972,Colores alterando personajes*Luis López Loza*1972,1972
ex.174,o.2579,Grabados Cartón de Colombia*1972,Muro musical*Helen Escobedo*1972,1972
ex.174,o.2580,Grabados Cartón de Colombia*1972,Harriet 2013*Emilio Ortiz*1972,1972
ex.174,o.2581,Grabados Cartón de Colombia*1972,Señal t*Vicente Rojo*1972,1972
ex.174,o.2582,Grabados Cartón de Colombia*1972,Composición 14*Fernando García Ponce*1972,1972
ex.174,o.2583,Grabados Cartón de Colombia*1972,Animales*Francisco Toledo*1972,1972
ex.179,o.2111,Enrique Grau Obra  1962 / 1972*1973,Pigmalion y galatea*Enrique Grau*1973,1973
ex.200,o.2316,Mauricio Bueno*1975,Velo de agua*Mauricio Bueno*1972,1975
ex.209,o.2340,Beatriz González*1976,Platon degas*Beatriz González*1975,1976
ex.209,o.2404,Beatriz González*1976,Niña Johnson I*Beatriz González*1965,1976
ex.209,o.2779,Beatriz González*1976,La iglesia está en peligro*Beatriz González*1976,1976
ex.209,o.2780,Beatriz González*1976,La actualidad ilustrada*Beatriz González*1974,1976
ex.209,o.2782,Beatriz González*1976,Los reveces de la realeza*Beatriz González*1974,1976
ex.209,o.2784,Beatriz González*1976,La otra cara de Ludwig Van Gogh.*Beatriz González*1973,1976
ex.209,o.2926,Beatriz González*1976,Happy birthday*Beatriz González*1970,1976
ex.209,o.3348,Beatriz González*1976,Lesa majestad*Beatriz González*1974,1976
ex.209,o.3418,Beatriz González*1976,Jacqueline oasis*Beatriz González*1975,1976
ex.209,o.3419,Beatriz González*1976,On her britanic majesty's service*Beatriz González*1974,1976
ex.209,o.3935,Beatriz González*1976,Los suicidas del sisga*Beatriz González*1965,1976
ex.215,o.3943,Seis Artistas Premiados en la III Bienal de Artes Gráficas*1977,La sabana de contact*Juan Fresan*1977,1977
ex.223,o.3936,Pintura y Escultura Colombiana de los Años 30*1978,En el barco*Ricardo Gómez Campuzano*1941,1978
ex.223,o.2137,Pintura y Escultura Colombiana de los Años 30*1978,El cenáculo de marinilla*Carlos Correa*1949,1978
ex.224,o.2854,Grabadores Norteamericanos*1978,Waiting*Will Barnet*1974,1978
ex.224,o.3091,Grabadores Norteamericanos*1978,"History of Printmaking: Durer at 23, in love. His bags are stolen*Warrington Colescott*1976",1978
ex.224,o.2856,Grabadores Norteamericanos*1978,Night Flower II*Kenjilo Nanao*1977,1978
ex.233,o.2143,"Ever Astudillo, Fernell Franco, Óscar Muñoz*1979",De la Serie: DE LA NOCHE*Ever Astudillo*1979,1979
ex.233,o.2200,"Ever Astudillo, Fernell Franco, Óscar Muñoz*1979",De la serie: BICICLETAS*Fernell Franco*1976,1979
ex.233,o.2201,"Ever Astudillo, Fernell Franco, Óscar Muñoz*1979",De la serie: INTERIORES*Fernell Franco*1977,1979
ex.233,o.2216,"Ever Astudillo, Fernell Franco, Óscar Muñoz*1979",De la serie: LAS PROSTITUTAS*Fernell Franco*1972,1979
ex.233,o.2217,"Ever Astudillo, Fernell Franco, Óscar Muñoz*1979",De la serie: INTERIORES*Fernell Franco*1978,1979
ex.233,o.3145,"Ever Astudillo, Fernell Franco, Óscar Muñoz*1979",Serie: INTERIORES*Fernell Franco*1983,1979
ex.236,o.2883,La Mujer En Las Artes Visuales*1980,Nubarrones en barrazas*Myrna Báez*1977,1980
ex.236,o.2737,La Mujer En Las Artes Visuales*1980,Sin título*Corina Briceño*1975,1980
ex.236,o.2820,La Mujer En Las Artes Visuales*1980,Samuel...interrogué a Yahvé en mi angustia y a sus oídos llegó*Marietta Berman*1976,1980
ex.236,o.2624,La Mujer En Las Artes Visuales*1980,Pueblo*Gracia Barrios*1971,1980
ex.236,o.2571,La Mujer En Las Artes Visuales*1980,Amazonía*Edith Behring*1973,1980
ex.236,o.2562,La Mujer En Las Artes Visuales*1980,Sonho da preguica*Ruth Bessoudo Courvoisier*1971,1980
ex.236,o.2702,La Mujer En Las Artes Visuales*1980,Tatu durminhoco*Ruth Bessoudo Courvoisier*1974,1980
ex.236,o.2604,La Mujer En Las Artes Visuales*1980,Desquiciados*Roser Bru*1968,1980
ex.236,o.2692,La Mujer En Las Artes Visuales*1980,Personaje*Roser Bru*1974,1980
ex.236,o.2130,La Mujer En Las Artes Visuales*1980,Remorir i*Roser Bru*1975,1980
ex.236,o.2309,La Mujer En Las Artes Visuales*1980,Estrella de mar*Feliza Bursztyn*1974,1980
ex.236,o.2119,La Mujer En Las Artes Visuales*1980,Sin título*Teresa Cuéllar*1973,1980
ex.236,o.2644,La Mujer En Las Artes Visuales*1980,Magnificamente solo*Delia Cugat*1973,1980
ex.236,o.2865,La Mujer En Las Artes Visuales*1980,Marchando*Delia Cugat*1977,1980
ex.236,o.1903,La Mujer En Las Artes Visuales*1980,Relieve*Beatriz Daza*1966,1980
ex.236,o.2310,La Mujer En Las Artes Visuales*1980,Urano ii*Geny Dignac*1969,1980
ex.236,o.2579,La Mujer En Las Artes Visuales*1980,Muro musical*Helen Escobedo*1972,1980
ex.236,o.2567,La Mujer En Las Artes Visuales*1980,Laberinto astral*Raquel Forner*1973,1980
ex.236,o.2001,La Mujer En Las Artes Visuales*1980,Open studio poster*Vera Frenkel*1973,1980
ex.236,o.2670,La Mujer En Las Artes Visuales*1980,Carta*Gertrud Goldschmidt*1973,1980
ex.236,o.2759,La Mujer En Las Artes Visuales*1980,Certo-errado*Anna Bella Geiger*1973,1980
ex.236,o.3935,La Mujer En Las Artes Visuales*1980,Los suicidas del sisga*Beatriz González*1965,1980
ex.236,o.2926,La Mujer En Las Artes Visuales*1980,Happy birthday*Beatriz González*1970,1980
ex.236,o.2784,La Mujer En Las Artes Visuales*1980,La otra cara de Ludwig Van Gogh.*Beatriz González*1973,1980
ex.236,o.3348,La Mujer En Las Artes Visuales*1980,Lesa majestad*Beatriz González*1974,1980
ex.236,o.2780,La Mujer En Las Artes Visuales*1980,La actualidad ilustrada*Beatriz González*1974,1980
ex.236,o.2783,La Mujer En Las Artes Visuales*1980,Mi lucha*Beatriz González*1974,1980
ex.236,o.2782,La Mujer En Las Artes Visuales*1980,Los reveces de la realeza*Beatriz González*1974,1980
ex.236,o.3418,La Mujer En Las Artes Visuales*1980,Jacqueline oasis*Beatriz González*1975,1980
ex.236,o.2779,La Mujer En Las Artes Visuales*1980,La iglesia está en peligro*Beatriz González*1976,1980
ex.236,o.2852,La Mujer En Las Artes Visuales*1980,Caballos II*Leonilda González*1976,1980
ex.236,o.2765,La Mujer En Las Artes Visuales*1980,Prisma -díptico-*Susy Iglicki*1975,1980
ex.236,o.2831,La Mujer En Las Artes Visuales*1980,Perspectiva para un abrazo*Susy Iglicki*1976,1980
ex.236,o.2844,La Mujer En Las Artes Visuales*1980,Sin título*Susy Iglicki*1977,1980
ex.236,o.2924,La Mujer En Las Artes Visuales*1980,Una noche más 2*María de la Paz Jaramillo*1974,1980
ex.236,o.2957,La Mujer En Las Artes Visuales*1980,La señora Macbeth*María de la Paz Jaramillo*1974,1980
ex.236,o.2958,La Mujer En Las Artes Visuales*1980,La señora Macbeth*María de la Paz Jaramillo*1974,1980
ex.236,o.2609,La Mujer En Las Artes Visuales*1980,La señora Macbeth*María de la Paz Jaramillo*1974,1980
ex.236,o.2648,La Mujer En Las Artes Visuales*1980,La señora Macbeth*María de la Paz Jaramillo*1974,1980
ex.236,o.2716,La Mujer En Las Artes Visuales*1980,La dueña I*María de la Paz Jaramillo*1975,1980
ex.236,o.2717,La Mujer En Las Artes Visuales*1980,La dueña II*María de la Paz Jaramillo*1975,1980
ex.236,o.2718,La Mujer En Las Artes Visuales*1980,La dueña III*María de la Paz Jaramillo*1975,1980
ex.236,o.2776,La Mujer En Las Artes Visuales*1980,La voz dorada*María de la Paz Jaramillo*1976,1980
ex.236,o.2979,La Mujer En Las Artes Visuales*1980,María de los guardias*María de la Paz Jaramillo*1979,1980
ex.236,o.2980,La Mujer En Las Artes Visuales*1980,María de los guardias*María de la Paz Jaramillo*1979,1980
ex.236,o.2837,La Mujer En Las Artes Visuales*1980,"Mitos y leyendas del olvido, iv*Ana María Mazzei*1976",1980
ex.236,o.2700,La Mujer En Las Artes Visuales*1980,"En, sobre, entre dos realidades*Gladys Meneses*1974",1980
ex.236,o.2908,La Mujer En Las Artes Visuales*1980,Indian summer*Anne Meredith Barry*1975,1980
ex.236,o.2891,La Mujer En Las Artes Visuales*1980,Sin título*Margarita Monsalve*1977,1980
ex.236,o.3913,La Mujer En Las Artes Visuales*1980,BATALLA DE HIERRO Y DE HOMBRE (zo fijado en madera*María Thereza Negreiros*1965,1980
ex.236,o.2306,La Mujer En Las Artes Visuales*1980,Recuerdos de un antepasado -tía catalina-*María Thereza Negreiros*1969,1980
ex.236,o.2506,La Mujer En Las Artes Visuales*1980,Dusk in august*Louise Nevelson*1969,1980
ex.236,o.2674,La Mujer En Las Artes Visuales*1980,Sky shadow*Louise Nevelson*1973,1980
ex.236,o.2758,La Mujer En Las Artes Visuales*1980,Sin título no. 6*Louise Nevelson*1973,1980
ex.236,o.2586,La Mujer En Las Artes Visuales*1980,Sombra amante*Luisa Palacios*1972,1980
ex.236,o.2585,La Mujer En Las Artes Visuales*1980,Cuerpos de claridad*Luisa Palacios*1972,1980
ex.236,o.2868,La Mujer En Las Artes Visuales*1980,Jeune fille*Gina Pellón*1977,1980
ex.236,o.2558,La Mujer En Las Artes Visuales*1980,Afiche para el movimiento por la paz en U.S.A.*Liliana Porter*1971,1980
ex.236,o.2699,La Mujer En Las Artes Visuales*1980,Caracol vermelho*Anna Letycia Quadros*1974,1980
ex.236,o.2701,La Mujer En Las Artes Visuales*1980,Dialogos de sombras*Louise Richter*1974,1980
ex.236,o.3917,La Mujer En Las Artes Visuales*1980,El mar muerto*Emma Reyes*1959,1980
ex.236,o.2713,La Mujer En Las Artes Visuales*1980,Voces confundidas*Margot Römer*1974,1980
ex.236,o.3028,La Mujer En Las Artes Visuales*1980,Sin título*Nunik Sauret*1979,1980
ex.236,o.2134,La Mujer En Las Artes Visuales*1980,Sin título*Lucy Tejada*1968,1980
ex.236,o.3922,La Mujer En Las Artes Visuales*1980,Color de rosa*Lucy Tejada*1968,1980
ex.236,o.2141,La Mujer En Las Artes Visuales*1980,De la serie: Los muros *Lucy Tejada*1973,1980
ex.236,o.2132,La Mujer En Las Artes Visuales*1980,Serie de los Jardines Prohibidos: PAJARO HERIDO*Lucy Tejada*1977,1980
ex.236,o.2131,La Mujer En Las Artes Visuales*1980,Sin título*Mariana Varela*1976,1980
ex.240,o.2113,1960–1980 Alcántara*1980,Son sombra de guerreros*Pedro Alcántara Herrán*1971,1980
ex.240,o.2114,1960–1980 Alcántara*1980,El martirio agiganta a los hombres-raíz*Pedro Alcántara Herrán*1966,1980
ex.240,o.2322,1960–1980 Alcántara*1980,San cualquiera*Pedro Alcántara Herrán*1966,1980
ex.240,o.2607,1960–1980 Alcántara*1980,Así son los héroes i*Pedro Alcántara Herrán*1971,1980
ex.240,o.2608,1960–1980 Alcántara*1980,Así son los héroes ii*Pedro Alcántara Herrán*1971,1980
ex.240,o.2610,1960–1980 Alcántara*1980,Retrato de un guerrero i*Pedro Alcántara Herrán*1972,1980
ex.240,o.2643,1960–1980 Alcántara*1980,Homenaje a George Jackson*Pedro Alcántara Herrán*1972,1980
ex.240,o.2775,1960–1980 Alcántara*1980,La danza de la muerte*Pedro Alcántara Herrán*1976,1980
ex.241,o.3215,Serie Amazónica*1980,Serie amazónica: las quemas*María Thereza Negreiros*1984,1980
ex.241,o.3947,Serie Amazónica*1980,Serie amazonica: selva No. 2*María Thereza Negreiros*1980,1980
ex.247,o.2162,Manuel Hernández*1981,Signo ronda*Manuel Hernández*1981,1981
ex.253,o.3949,Santiago Cárdenas*1982,El rincón*Santiago Cárdenas*1974,1982
ex.253,o.2597,Santiago Cárdenas*1982,El*Santiago Cárdenas*1972,1982
ex.262,o.2215,Actitudes Plurales*1983,Candida Eréndida en la casa de su abuela desalmada el día anterior al incendio*Patricia Bonilla*1982,1983
ex.265,o.3083,Seis Maestros Cubanos*1983,Ochosi*Wifredo Lam*1980,1983
ex.265,o.2839,Seis Maestros Cubanos*1983,Composición*Wifredo Lam*1961,1983
ex.265,o.3084,Seis Maestros Cubanos*1983,Sin título*Wifredo Lam*1978,1983
ex.265,o.3085,Seis Maestros Cubanos*1983,Sin título*Wifredo Lam*1981,1983
ex.274,o.3021,Antonio Barrera *1983,Amanecer*Antonio Barrera*,1983
ex.282,o.2854,Muestra de arte gráfico norte-americano de la Colección del Museo de Arte Moderno La Tertulia 1984*1984,Waiting*Will Barnet*1974,1984
ex.282,o.2625,Muestra de arte gráfico norte-americano de la Colección del Museo de Arte Moderno La Tertulia 1984*1984,Fuseli*Leonard Baskin*1969,1984
ex.282,o.2707,Muestra de arte gráfico norte-americano de la Colección del Museo de Arte Moderno La Tertulia 1984*1984,Sin título*Herbert Bayer*1974,1984
ex.282,o.2768,Muestra de arte gráfico norte-americano de la Colección del Museo de Arte Moderno La Tertulia 1984*1984,In a dark time*David Becker*1973,1984
ex.282,o.2677,Muestra de arte gráfico norte-americano de la Colección del Museo de Arte Moderno La Tertulia 1984*1984,Blue Moon*Alexander Calder*1974,1984
ex.282,o.2115,Muestra de arte gráfico norte-americano de la Colección del Museo de Arte Moderno La Tertulia 1984*1984,Sugar hill*John Paul Jones*1970,1984
ex.282,o.2598,Muestra de arte gráfico norte-americano de la Colección del Museo de Arte Moderno La Tertulia 1984*1984,Sin título*John Paul Jones*1971,1984
ex.282,o.2612,Muestra de arte gráfico norte-americano de la Colección del Museo de Arte Moderno La Tertulia 1984*1984,Sin título*Ellsworth Kelly*1969,1984
ex.282,o.2546,Muestra de arte gráfico norte-americano de la Colección del Museo de Arte Moderno La Tertulia 1984*1984,Backyard iv*Robert Kipniss*1974,1984
ex.282,o.2964,Muestra de arte gráfico norte-americano de la Colección del Museo de Arte Moderno La Tertulia 1984*1984,Sin título*Robert Kipniss*1979,1984
ex.282,o.2548,Muestra de arte gráfico norte-americano de la Colección del Museo de Arte Moderno La Tertulia 1984*1984,Bleeding heart*Mauricio Lasansky*1970,1984
ex.282,o.2500,Muestra de arte gráfico norte-americano de la Colección del Museo de Arte Moderno La Tertulia 1984*1984,The explosive immediacy of statement*Roy Lichtenstein*1969,1984
ex.282,o.2501,Muestra de arte gráfico norte-americano de la Colección del Museo de Arte Moderno La Tertulia 1984*1984,We are all one*Richard Lindner*1969,1984
ex.282,o.2599,Muestra de arte gráfico norte-americano de la Colección del Museo de Arte Moderno La Tertulia 1984*1984,Sin título*John McLaughlin*1963,1984
ex.282,o.2502,Muestra de arte gráfico norte-americano de la Colección del Museo de Arte Moderno La Tertulia 1984*1984,Morning with judd*Peter Milton*1968,1984
ex.282,o.2503,Muestra de arte gráfico norte-americano de la Colección del Museo de Arte Moderno La Tertulia 1984*1984,Return*Peter Milton*1969,1984
ex.282,o.2504,Muestra de arte gráfico norte-americano de la Colección del Museo de Arte Moderno La Tertulia 1984*1984,"De la serie: THE JOLLY CORNER SUITE, III:1*Peter Milton*1971",1984
ex.282,o.2853,Muestra de arte gráfico norte-americano de la Colección del Museo de Arte Moderno La Tertulia 1984*1984,Passage III*Peter Milton*1972,1984
ex.282,o.2505,Muestra de arte gráfico norte-americano de la Colección del Museo de Arte Moderno La Tertulia 1984*1984,Sin título*Robert Motherwell*1969,1984
ex.282,o.2856,Muestra de arte gráfico norte-americano de la Colección del Museo de Arte Moderno La Tertulia 1984*1984,Night Flower II*Kenjilo Nanao*1977,1984
ex.282,o.2621,Muestra de arte gráfico norte-americano de la Colección del Museo de Arte Moderno La Tertulia 1984*1984,Seamster of Venus —Homenaje a Burroughs—*Robert Nelson*1970,1984
ex.282,o.2622,Muestra de arte gráfico norte-americano de la Colección del Museo de Arte Moderno La Tertulia 1984*1984,SARKS -hommage a Burroughs-*Robert Nelson*1970,1984
ex.282,o.2623,Muestra de arte gráfico norte-americano de la Colección del Museo de Arte Moderno La Tertulia 1984*1984,"Hommage  to burroughs, flight series*Robert Nelson*1970",1984
ex.282,o.2506,Muestra de arte gráfico norte-americano de la Colección del Museo de Arte Moderno La Tertulia 1984*1984,Dusk in august*Louise Nevelson*1969,1984
ex.282,o.2674,Muestra de arte gráfico norte-americano de la Colección del Museo de Arte Moderno La Tertulia 1984*1984,Sky shadow*Louise Nevelson*1973,1984
ex.282,o.2758,Muestra de arte gráfico norte-americano de la Colección del Museo de Arte Moderno La Tertulia 1984*1984,Sin título no. 6*Louise Nevelson*1973,1984
ex.282,o.2508,Muestra de arte gráfico norte-americano de la Colección del Museo de Arte Moderno La Tertulia 1984*1984,Mask of ghent*Thom O'Connor*1968,1984
ex.282,o.2509,Muestra de arte gráfico norte-americano de la Colección del Museo de Arte Moderno La Tertulia 1984*1984,Face*Henry Pearson*1969,1984
ex.282,o.2973,Muestra de arte gráfico norte-americano de la Colección del Museo de Arte Moderno La Tertulia 1984*1984,Pacific*Gabor Peterdi*1971,1984
ex.282,o.2679,Muestra de arte gráfico norte-americano de la Colección del Museo de Arte Moderno La Tertulia 1984*1984,Composition for peace portfolio*Robert Rauschenberg*1970,1984
ex.282,o.3080,Muestra de arte gráfico norte-americano de la Colección del Museo de Arte Moderno La Tertulia 1984*1984,Maids and other Servants: THE BUTLER*Charles Roth*1979,1984
ex.282,o.3039,Muestra de arte gráfico norte-americano de la Colección del Museo de Arte Moderno La Tertulia 1984*1984,Man walking away from it all*Edward Ruscha*1980,1984
ex.282,o.2153,Muestra de arte gráfico norte-americano de la Colección del Museo de Arte Moderno La Tertulia 1984*1984,Oxygen no. 16*Masaaki Sato*1980,1984
ex.282,o.2544,Muestra de arte gráfico norte-americano de la Colección del Museo de Arte Moderno La Tertulia 1984*1984,Sin título*Saúl Steinberg*1969,1984
ex.282,o.2545,Muestra de arte gráfico norte-americano de la Colección del Museo de Arte Moderno La Tertulia 1984*1984,Ponope*Carol Summers*1969,1984
ex.282,o.2540,Muestra de arte gráfico norte-americano de la Colección del Museo de Arte Moderno La Tertulia 1984*1984,Perspective Shadow Man*Ernest Trova*1972,1984
ex.282,o.2678,Muestra de arte gráfico norte-americano de la Colección del Museo de Arte Moderno La Tertulia 1984*1984,Campbell's soup -tomato*Andy Warhol*1971,1984
ex.282,o.2559,Muestra de arte gráfico norte-americano de la Colección del Museo de Arte Moderno La Tertulia 1984*1984,Wouldst thou have daly for thy king*William Weege*1968,1984
ex.282,o.2547,Muestra de arte gráfico norte-americano de la Colección del Museo de Arte Moderno La Tertulia 1984*1984,Black-eyed susans*Richard Claude Ziemann*1970,1984
ex.282,o.3091,Muestra de arte gráfico norte-americano de la Colección del Museo de Arte Moderno La Tertulia 1984*1984,"History of Printmaking: Durer at 23, in love. His bags are stolen*Warrington Colescott*1976",1984
ex.282,o.2538,Muestra de arte gráfico norte-americano de la Colección del Museo de Arte Moderno La Tertulia 1984*1984,Watertower*Allan D'Arcangelo*1973,1984
ex.282,o.2757,Muestra de arte gráfico norte-americano de la Colección del Museo de Arte Moderno La Tertulia 1984*1984,Beginning*Allan D'Arcangelo*1975,1984
ex.282,o.2613,Muestra de arte gráfico norte-americano de la Colección del Museo de Arte Moderno La Tertulia 1984*1984,Sin título*Willem De Kooning*1969,1984
ex.282,o.2755,Muestra de arte gráfico norte-americano de la Colección del Museo de Arte Moderno La Tertulia 1984*1984,Paintbrush*Jim Dine*1971,1984
ex.282,o.2605,Muestra de arte gráfico norte-americano de la Colección del Museo de Arte Moderno La Tertulia 1984*1984,Sin título*Sam Francis*1969,1984
ex.282,o.2706,Muestra de arte gráfico norte-americano de la Colección del Museo de Arte Moderno La Tertulia 1984*1984,Olympia and ollie*Milton Glaser*1974,1984
ex.282,o.2611,Muestra de arte gráfico norte-americano de la Colección del Museo de Arte Moderno La Tertulia 1984*1984,Love*Robert Indiana*1969,1984
ex.288,o.3957,Este Petróleo me Pertenece*1984,Cuadro de los machetes*Rolando Peña*1984,1984
ex.289,o.2173,John Grillo*1984,Sin título*John Grillo*1980,1984
ex.290,o.3956,Roser Bru y Eugenio Dittborn*1984,Díptico de Kafka y milena*Roser Bru*1980,1984
ex.297,o.2331,Aspectos de lo Tridimensional en el Arte Colombiano*1984,Relicario de tres cabezas*Jim Amaral*1973,1984
ex.297,o.2309,Aspectos de lo Tridimensional en el Arte Colombiano*1984,Estrella de mar*Feliza Bursztyn*1974,1984
ex.297,o.1903,Aspectos de lo Tridimensional en el Arte Colombiano*1984,Relieve*Beatriz Daza*1966,1984
ex.297,o.2327,Aspectos de lo Tridimensional en el Arte Colombiano*1984,Homenaje al preso político*Enrique Grau*1981,1984
ex.297,o.2689,Aspectos de lo Tridimensional en el Arte Colombiano*1984,Raquel*María de la Paz Jaramillo*1974,1984
ex.297,o.2308,Aspectos de lo Tridimensional en el Arte Colombiano*1984,Escalera*Édgar Negret*1970,1984
ex.297,o.2330,Aspectos de lo Tridimensional en el Arte Colombiano*1984,Columna flor*Eduardo Ramírez Villamizar*1982,1984
ex.297,o.2301,Aspectos de lo Tridimensional en el Arte Colombiano*1984,Construccion casi simetrica*Eduardo Ramírez Villamizar*1968,1984
ex.297,o.2531,Aspectos de lo Tridimensional en el Arte Colombiano*1984,For mr. Y. A.*Ómar Rayo*1963,1984
ex.297,o.2535,Aspectos de lo Tridimensional en el Arte Colombiano*1984,Only for men*Ómar Rayo*1963,1984
ex.297,o.2303,Aspectos de lo Tridimensional en el Arte Colombiano*1984,Cajas*Bernardo Salcedo*1969,1984
ex.297,o.2318,Aspectos de lo Tridimensional en el Arte Colombiano*1984,Evita e isabelita*Bernardo Salcedo*1976,1984
ex.306,o.2179,Alicia Viteri*1985,Funeral*Alicia Viteri*1984,1985
ex.306,o.3192,Alicia Viteri*1985,Mujer 4*Alicia Viteri*1982,1985
ex.312,o.3968,Salón de Arte Joven - Medalla Martha Traba*1985,De Ossaba a Manet*Mario Ossaba*1984,1985
ex.314,o.2180,A Cali*1985,De la Serie: PAREJAS*María de la Paz Jaramillo*1985,1985
ex.315,o.3972,Oscar Muñoz Serie pinturas de agua*1985,De la serie: PINTURAS DE AGUA*Óscar Muñoz*1985,1985
ex.320,o.2225,Otto Moll González Antología Fotográfica 1939 –1968*1986,Puente del comercio Cali-Palmira*Otto Moll González*1953,1986
ex.320,o.2226,Otto Moll González Antología Fotográfica 1939 –1968*1986,Retrato de Pedro Nel Gómez*Otto Moll González*1942,1986
ex.320,o.2227,Otto Moll González Antología Fotográfica 1939 –1968*1986,El puente Ortiz y el hotel alférez real. Cali*Otto Moll González*1956,1986
ex.322,o.2187,Rodolfo Vélez*1986,Sala de espera 9:50 a.m.*Rodolfo Vélez*1985,1986
ex.322,o.2194,Rodolfo Vélez*1986,Sala de espera 6:00 p.m.*Rodolfo Vélez*1985,1986
ex.325,o.3517,Diego Arango Arango*1986,El jaguar*Diego Arango*1986,1986
ex.325,o.3518,Diego Arango Arango*1986,El ángel*Diego Arango*1986,1986
ex.325,o.3519,Diego Arango Arango*1986,Pequeño jaguar*Diego Arango*1986,1986
ex.327,o.3168,Mónica Meira*1986,Puro encaje*Mónica Meira*1985,1986
ex.334,o.3172,Flor María Bouhot*1987,De la Serie: LOS AMANTES*Flor María Bouhot*1985,1987
ex.336,o.3967,José Luis Fajardo*1987,Refugiado en 1927*José Luis Fajardo*1986,1987
ex.339,o.2406,Liliana Porter*1987,Labyrinth*Liliana Porter*1987,1987
ex.345,o.2184,Gustavo Zalamea *1987,Posibilidades de una pera*Gustavo Zalamea*1986,1987
ex.347,o.3973,Vivian Monsalve*1987,Sin título*Vivian Monsalve*1987,1987
ex.348,o.3179,Enrique Sánchez*1987,Sin título*Enrique Sánchez*1986,1987
ex.350,o.2243,Alberto Lenis Burckhardt*1987,Carnavales de cali 1922*Alberto Lenis Burckhardt*1922,1987
ex.350,o.2242,Alberto Lenis Burckhardt*1987,Serie: TODO ENCUADRADO #5*Sylvia Patiño*1987,1987
ex.360,o.3304,Una Interpretación de Caravaggio*1988,El primer bodegón en la historia del arte*Ana Mercedes Hoyos*1986,1988
ex.363,o.3974,Ana María Rueda*1988,De la serie: Jardín *Ana María Rueda*1988,1988
ex.371,o.3327,Juan Antonio Roda*1988,Flora N°4*Juan Antonio Roda*1984,1988
ex.380,o.1915,Gloria Duncan y Ronald Duncan*1989,Totem ii*Ronald Duncan*1988,1989
ex.380,o.1914,Gloria Duncan y Ronald Duncan*1989,Jardin secreto*Gloria Duncan*1988,1989
ex.381,o.3254,Fotografías y su Relación*1989,Georgia fingerprint state ii*Chuck Close*1985,1989
ex.382,o.3979,Tres Artistas de Puerto Rico*1989,Autorretrato VII*Carlos Collazo*1988,1989
ex.382,o.1916,Tres Artistas de Puerto Rico*1989,Topografia interior X*Jaime Suárez*1988,1989
ex.390,o.3953,Ignacio Gomez Jaramillo 1910-1970*1989,Sin título - Paisaje *Ignacio Gómez Jaramillo*1959,1989
ex.394,o.3991,Pinturas Tridimesionales*1989,Sin título*Beatriz Ángel*1989,1989
ex.404,o.2240,II Salón de Arte Joven - Medalla Marta Traba 1989*1989,Me quisiste lo sé...*Mónika Herrán*1987,1989
ex.406,o.3323,Laignelet*1990,Puntos de vista*Víctor Laignelet*1988,1990
ex.406,o.3381,Laignelet*1990,Virgini pariturae I*Víctor Laignelet*1989,1990
ex.407,o.3990,Cristina Llano *1990,El último rincón*Cristina Llano*1989,1990
ex.415,o.3992,Exposición de Francisco de la Puente*1990,Sin título*Francisco De La Puente*1989,1990
ex.420,o.3993,Puertos*1990,Puerto bronce*Diego Mazuera*1990,1990
ex.426,o.3997,Ocho Nuevos Artistas de Cali*1991,Fosa*Carmenza Delgado*1990,1991
ex.426,o.2408,Ocho Nuevos Artistas de Cali*1991,Sin título*Elizabeth Saavedra*1990,1991
ex.426,o.3996,Ocho Nuevos Artistas de Cali*1991,Serie phifs 3*Blanca Obeyda Giraldo*1990,1991
ex.428,o.2348,Doce Escultores Colombianos: Pequeño Formato*1991,Sin título*Mónica Negret*1990,1991
ex.428,o.2350,Doce Escultores Colombianos: Pequeño Formato*1991,Sin título*Jorge Alberto Reyes*1990,1991
ex.429,o.3434,Exposición de Liliana Porter 1991*1991,Alicia v*Liliana Porter*1991,1991
ex.431,o.4003,Exposición de nueva pintura bolivariana*1991,Muerte - vida*Catalina Cárdenas*1991,1991
ex.440,o.4005,"German Londoño, Pinturas Recienbres*1991",Niña contemplando una ballena descuartizada*Germán Londoño*1991,1991
ex.444,o.3936,Ricardo Gómez Campuzano*1992,En el barco*Ricardo Gómez Campuzano*1941,1992
ex.456,o.2250,Tuberculosis - SIDA: Un Diario*1992,TB DIARY-JUNE 20/33-Empecé a sudar debido al calor*Linda Troeller*1989,1992
ex.456,o.2251,Tuberculosis - SIDA: Un Diario*1992,AIDS DIARY.Abril 3/84.Soy una peinadora y como no*Linda Troeller*1989,1992
ex.456,o.2252,Tuberculosis - SIDA: Un Diario*1992,AIDS DIARY.Agosto 10/84.Mi hijo ha perdido la fuer*Linda Troeller*1989,1992
ex.456,o.2253,Tuberculosis - SIDA: Un Diario*1992,AIDS DIARY.Sept.5/84.Mi hijo no vino a la boda de*Linda Troeller*1989,1992
ex.456,o.2254,Tuberculosis - SIDA: Un Diario*1992,TB DIARY.Mayo 28/37.Nunca me gustó estar marcada*Linda Troeller*1989,1992
ex.456,o.2255,Tuberculosis - SIDA: Un Diario*1992,"Tb diary.-marzo 24/34.mi pecho se vacía..,mi pecho*Linda Troeller*1989",1992
ex.465,o.2422,Emma Reyes Máscaras*1993,Serie: máscaras -café-gris*Emma Reyes*1990,1993
ex.465,o.2423,Emma Reyes Máscaras*1993,Serie: máscaras -azul-verde*Emma Reyes*1989,1993
ex.465,o.2424,Emma Reyes Máscaras*1993,Serie: máscaras -gris-*Emma Reyes*1992,1993
ex.465,o.2425,Emma Reyes Máscaras*1993,Serie: máscaras -rojo-*Emma Reyes*1989,1993
ex.465,o.2426,Emma Reyes Máscaras*1993,Serie: máscaras -azul/negro*Emma Reyes*,1993
ex.465,o.2427,Emma Reyes Máscaras*1993,Serie: máscaras -verde-*Emma Reyes*,1993
ex.465,o.2428,Emma Reyes Máscaras*1993,Serie: máscaras -negro-blanco*Emma Reyes*1983,1993
ex.465,o.2429,Emma Reyes Máscaras*1993,Serie: máscaras -marrón-*Emma Reyes*1992,1993
ex.465,o.2430,Emma Reyes Máscaras*1993,Serie: máscaras -verde/azul-*Emma Reyes*1990,1993
ex.465,o.2431,Emma Reyes Máscaras*1993,Serie: máscaras -rojo/gris-*Emma Reyes*1989,1993
ex.465,o.2432,Emma Reyes Máscaras*1993,Serie: máscaras -rojo-azul-*Emma Reyes*1992,1993
ex.465,o.2433,Emma Reyes Máscaras*1993,Serie: máscaras -rojo-lila-*Emma Reyes*1992,1993
ex.465,o.2434,Emma Reyes Máscaras*1993,Serie: máscaras -azul/blanco-*Emma Reyes*1989,1993
ex.465,o.2435,Emma Reyes Máscaras*1993,Serie: máscaras -azul/blanco-*Emma Reyes*1989,1993
ex.465,o.2436,Emma Reyes Máscaras*1993,Serie: máscaras -rojo/lila-*Emma Reyes*1992,1993
ex.465,o.2437,Emma Reyes Máscaras*1993,Serie: máscaras -oro/rojo-*Emma Reyes*1989,1993
ex.465,o.2438,Emma Reyes Máscaras*1993,Serie: máscaras -azul/rosa-*Emma Reyes*1988,1993
ex.465,o.2439,Emma Reyes Máscaras*1993,Serie: máscaras -negro/blanco-*Emma Reyes*1990,1993
ex.465,o.2440,Emma Reyes Máscaras*1993,Serie: máscaras -naranja/amarillo-*Emma Reyes*1992,1993
ex.465,o.2441,Emma Reyes Máscaras*1993,Serie: máscaras -verde/gris-*Emma Reyes*1991,1993
ex.465,o.2442,Emma Reyes Máscaras*1993,Serie: máscaras -rojo/naranja-*Emma Reyes*1996,1993
ex.465,o.2443,Emma Reyes Máscaras*1993,Serie: máscaras -negro-blanco-*Emma Reyes*1990,1993
ex.465,o.2444,Emma Reyes Máscaras*1993,Serie: máscaras -negro-gris-*Emma Reyes*1990,1993
ex.465,o.2445,Emma Reyes Máscaras*1993,Serie: máscaras -negro/gris-*Emma Reyes*1990,1993
ex.465,o.2446,Emma Reyes Máscaras*1993,Serie: máscaras -rojo/blanco-*Emma Reyes*1992,1993
ex.465,o.2447,Emma Reyes Máscaras*1993,Serie: máscaras -verde/amarillo-*Emma Reyes*1956,1993
ex.465,o.2448,Emma Reyes Máscaras*1993,Serie: máscaras -morado-gris-*Emma Reyes*1992,1993
ex.465,o.2449,Emma Reyes Máscaras*1993,Serie: máscaras -morado-*Emma Reyes*1992,1993
ex.465,o.2450,Emma Reyes Máscaras*1993,Serie: máscaras     -azul/negro-*Emma Reyes*1990,1993
ex.465,o.2451,Emma Reyes Máscaras*1993,Serie: máscaras -verde-azul-*Emma Reyes*1992,1993
ex.465,o.2452,Emma Reyes Máscaras*1993,Serie: máscaras -verde/azul-*Emma Reyes*1992,1993
ex.465,o.2453,Emma Reyes Máscaras*1993,Serie: máscaras -rojo/gris-*Emma Reyes*1989,1993
ex.465,o.2454,Emma Reyes Máscaras*1993,Serie: máscaras -rojo/blanco-*Emma Reyes*1992,1993
ex.465,o.2455,Emma Reyes Máscaras*1993,Serie: máscaras -verde/azul-*Emma Reyes*1987,1993
ex.465,o.2456,Emma Reyes Máscaras*1993,Serie: máscaras -verde/amarillo-*Emma Reyes*1992,1993
ex.465,o.2457,Emma Reyes Máscaras*1993,Serie: máscaras -blanco/azul-*Emma Reyes*1981,1993
ex.465,o.2458,Emma Reyes Máscaras*1993,Serie: máscaras -negro/gris-*Emma Reyes*1987,1993
ex.465,o.2459,Emma Reyes Máscaras*1993,Serie: máscaras -gris/negro-*Emma Reyes*1989,1993
ex.465,o.2460,Emma Reyes Máscaras*1993,Serie: máscaras -blanco/negro-*Emma Reyes*1989,1993
ex.465,o.2461,Emma Reyes Máscaras*1993,Serie: máscaras -verde-amarillo-*Emma Reyes*1989,1993
ex.481,o.2114,Ocho Artistas de Cali*1994,El martirio agiganta a los hombres-raíz*Pedro Alcántara Herrán*1966,1994
ex.481,o.2143,Ocho Artistas de Cali*1994,De la Serie: DE LA NOCHE*Ever Astudillo*1979,1994
ex.481,o.3901,Ocho Artistas de Cali*1994,Sin título*Jan Bartelsman*1960,1994
ex.481,o.2217,Ocho Artistas de Cali*1994,De la serie: INTERIORES*Fernell Franco*1978,1994
ex.481,o.3972,Ocho Artistas de Cali*1994,De la serie: PINTURAS DE AGUA*Óscar Muñoz*1985,1994
ex.481,o.3913,Ocho Artistas de Cali*1994,BATALLA DE HIERRO Y DE HOMBRE (zo fijado en madera*María Thereza Negreiros*1965,1994
ex.481,o.2305,Ocho Artistas de Cali*1994,Teresa la mujer mesa*Hernando Tejada*1970,1994
ex.481,o.3922,Ocho Artistas de Cali*1994,Color de rosa*Lucy Tejada*1968,1994
ex.491,o.2977,Muestra de maestros colombianos de la Colección de Arte Moderno La Tertulia*1994,Sin título*Pedro Alcántara Herrán*1979,1994
ex.491,o.2610,Muestra de maestros colombianos de la Colección de Arte Moderno La Tertulia*1994,Retrato de un guerrero i*Pedro Alcántara Herrán*1972,1994
ex.491,o.2561,Muestra de maestros colombianos de la Colección de Arte Moderno La Tertulia*1994,De la transformacion de sanson y dalila en judith*Leonel Góngora*1970,1994
ex.491,o.3372,Muestra de maestros colombianos de la Colección de Arte Moderno La Tertulia*1994,Sin título*Leonel Góngora*1989,1994
ex.491,o.2773,Muestra de maestros colombianos de la Colección de Arte Moderno La Tertulia*1994,La manola*Enrique Grau*1976,1994
ex.491,o.2716,Muestra de maestros colombianos de la Colección de Arte Moderno La Tertulia*1994,La dueña I*María de la Paz Jaramillo*1975,1994
ex.491,o.2717,Muestra de maestros colombianos de la Colección de Arte Moderno La Tertulia*1994,La dueña II*María de la Paz Jaramillo*1975,1994
ex.491,o.2978,Muestra de maestros colombianos de la Colección de Arte Moderno La Tertulia*1994,Naturaleza muerta*Óscar Muñoz*1979,1994
ex.491,o.3366,Muestra de maestros colombianos de la Colección de Arte Moderno La Tertulia*1994,Muro sepia*Óscar Muñoz*1989,1994
ex.491,o.3215,Muestra de maestros colombianos de la Colección de Arte Moderno La Tertulia*1994,Serie amazónica: las quemas*María Thereza Negreiros*1984,1994
ex.491,o.2942,Muestra de maestros colombianos de la Colección de Arte Moderno La Tertulia*1994,Sin título*Édgar Negret*1977,1994
ex.491,o.3191,Muestra de maestros colombianos de la Colección de Arte Moderno La Tertulia*1994,El reloj*Édgar Negret*1984,1994
ex.491,o.3015,Muestra de maestros colombianos de la Colección de Arte Moderno La Tertulia*1994,El cóndor*Alejandro Obregón*1979,1994
ex.491,o.2106,Muestra de maestros colombianos de la Colección de Arte Moderno La Tertulia*1994,Cóndor*Alejandro Obregón*1958,1994
ex.491,o.2522,Muestra de maestros colombianos de la Colección de Arte Moderno La Tertulia*1994,Long letter*Ómar Rayo*,1994
ex.491,o.2535,Muestra de maestros colombianos de la Colección de Arte Moderno La Tertulia*1994,Only for men*Ómar Rayo*1963,1994
ex.491,o.3389,Muestra de maestros colombianos de la Colección de Arte Moderno La Tertulia*1994,"La tienda de flor de amor, tumaco, 1.957*Hernando Tejada*1989",1994
ex.491,o.3270,Muestra de maestros colombianos de la Colección de Arte Moderno La Tertulia*1994,Guadual encantado*Lucy Tejada*1986,1994
ex.491,o.3369,Muestra de maestros colombianos de la Colección de Arte Moderno La Tertulia*1994,Manglar*Lucy Tejada*1989,1994
ex.493,o.3508,Revelaciones*1994,Testimonio de los Desaparecidos (Conjunto de 10)*María José Morales*1994,1994
ex.505,o.2135,Comportamiento del Paisaje*1995,Paisaje*Gonzalo Ariza*1953,1995
ex.505,o.3347,Comportamiento del Paisaje*1995,Instalación de un monumento publico en Venecia*Álvaro Barrios*1983,1995
ex.505,o.3033,Comportamiento del Paisaje*1995,Grabado popular impreso a través de un periódico. El Heraldo*Álvaro Barrios*1981,1995
ex.505,o.2556,Comportamiento del Paisaje*1995,La cosecha de los violentos*Alfonso Quijano Acero*1968,1995
ex.505,o.2833,Comportamiento del Paisaje*1995,Yumbo o la nube gris*Augusto Rendón*1976,1995
ex.505,o.3942,Comportamiento del Paisaje*1995,Paisaje*Antonio Barrera*1978,1995
ex.505,o.2143,Comportamiento del Paisaje*1995,De la Serie: DE LA NOCHE*Ever Astudillo*1979,1995
ex.505,o.3082,Comportamiento del Paisaje*1995,Mata de maíz*Antonio Caro*1981,1995
ex.505,o.2337,Comportamiento del Paisaje*1995,Matas de maíz*Antonio Caro*1986,1995
ex.505,o.3331,Comportamiento del Paisaje*1995,Sin título*Antonio Caro*1988,1995
ex.505,o.2927,Comportamiento del Paisaje*1995,En 1978 todo está muy caro*Antonio Caro*1978,1995
ex.505,o.2344,Comportamiento del Paisaje*1995,BOCAGRANDE II (De la Serie: Diario Objeto II)*Alicia Barney*1979,1995
ex.514,o.2354,Narcisos*1995,Narcisos*Óscar Muñoz*1995,1995
ex.534,o.2359,Objetos Creativos*1996,Silla*María Clara Piñeyro*1996,1996
ex.538,o.2418,Los Cincuenta Caminos de la Vida*1997,Serie: LOS 50 CAMINOS DE LA VIDA: PASION*Álvaro Barrios*1995,1997
ex.538,o.2419,Los Cincuenta Caminos de la Vida*1997,Serie: LOS 50 CAMINOS DE LA VIDA: REVELACION*Álvaro Barrios*1995,1997
ex.553,o.2413,Grabados y Dibujos*1998,De la serie: HOMBRES YACENTES*Lorenzo Jaramillo*,1998
ex.555,o.3990,"Cristina Llano, pinturas y dibujos*1998",El último rincón*Cristina Llano*1989,1998
ex.555,o.3487,"Cristina Llano, pinturas y dibujos*1998",Hasta el Final*Cristina Llano*1997,1998
ex.557,o.2360,El Último Vehículo*1998,Serie: EL ULTIMO VEHICULO*Jaime Iregui*1998,1998
ex.558,o.3901,Exposición-homenaje a Jan Bartelsman y Hernando Tejada*1998,Sin título*Jan Bartelsman*1960,1998
ex.558,o.2305,Exposición-homenaje a Jan Bartelsman y Hernando Tejada*1998,Teresa la mujer mesa*Hernando Tejada*1970,1998
ex.563,o.2357,En la Punta de la Lengua*1998,Serie: EN LA PUNTA DE LA LENGUA:GAITAN*Rodrigo Facundo*1997,1998
ex.563,o.2358,En la Punta de la Lengua*1998,Serie: EN LA PUNTA DE LA LENGUA:GALAN*Rodrigo Facundo*1997,1998
ex.570,o.2469,Dibujos*1999,Retratos*Jorge González*1997,1999
ex.574,o.2363,Guardianes de la Tierra*1999,De la serie: GUARDIANES DE LA TIERRA*Lydia Azout*1998,1999
ex.575,o.2315,Pluridimensional: 20 Artistas Colombianos en la Colección del Museo de Arte Moderno La Tertulia*1999,Espacio de transicion*Carlos Rojas*1974,1999
ex.575,o.2345,Pluridimensional: 20 Artistas Colombianos en la Colección del Museo de Arte Moderno La Tertulia*1999,Disolventes como sudor son sus altos clamores*Pablo Van Wong*1990,1999
ex.575,o.2337,Pluridimensional: 20 Artistas Colombianos en la Colección del Museo de Arte Moderno La Tertulia*1999,Matas de maíz*Antonio Caro*1986,1999
ex.575,o.2318,Pluridimensional: 20 Artistas Colombianos en la Colección del Museo de Arte Moderno La Tertulia*1999,Evita e isabelita*Bernardo Salcedo*1976,1999
ex.575,o.2342,Pluridimensional: 20 Artistas Colombianos en la Colección del Museo de Arte Moderno La Tertulia*1999,La rueda de Marcel Duchamp*Álvaro Barrios*1989,1999
ex.575,o.2351,Pluridimensional: 20 Artistas Colombianos en la Colección del Museo de Arte Moderno La Tertulia*1999,KATALHUYK  (4 cabezas)*Nadín Ospina*1993,1999
ex.575,o.2344,Pluridimensional: 20 Artistas Colombianos en la Colección del Museo de Arte Moderno La Tertulia*1999,BOCAGRANDE II (De la Serie: Diario Objeto II)*Alicia Barney*1979,1999
ex.575,o.2340,Pluridimensional: 20 Artistas Colombianos en la Colección del Museo de Arte Moderno La Tertulia*1999,Platon degas*Beatriz González*1975,1999
ex.577,o.2364,Negret*1999,Serpiente emplumada*Édgar Negret*1993,1999
ex.577,o.2365,Negret*1999,Mariposa. Mascara*Édgar Negret*1995,1999
ex.577,o.2366,Negret*1999,Acoplamiento. Mariposa*Édgar Negret*1995,1999
ex.577,o.2367,Negret*1999,Acoplamiento. Mariposa*Édgar Negret*1995,1999
ex.577,o.2369,Negret*1999,"Gran Soporte (Tierradentro, rombos y estrellas)*Édgar Negret*1996",1999
ex.577,o.2368,Negret*1999,"El arco. (tierradentro, rombos y estrellas)*Édgar Negret*1996",1999
ex.577,o.2370,Negret*1999,"El Triangulo (Tierradentro, rombos y estrellas)*Édgar Negret*1997",1999
ex.577,o.2372,Negret*1999,Urubamba y sus puentes*Édgar Negret*1999,1999
ex.577,o.2373,Negret*1999,Constelación cruz del sur*Édgar Negret*1998,1999
ex.585,o.2114,Sobre la Muerte*2000,El martirio agiganta a los hombres-raíz*Pedro Alcántara Herrán*1966,2000
ex.585,o.3935,Sobre la Muerte*2000,Los suicidas del sisga*Beatriz González*1965,2000
ex.585,o.2606,Sobre la Muerte*2000,Manos*Oswaldo Guayasamín*1969,2000
ex.585,o.2357,Sobre la Muerte*2000,Serie: EN LA PUNTA DE LA LENGUA:GAITAN*Rodrigo Facundo*1997,2000
ex.585,o.2358,Sobre la Muerte*2000,Serie: EN LA PUNTA DE LA LENGUA:GALAN*Rodrigo Facundo*1997,2000
ex.585,o.2470,Sobre la Muerte*2000,Boceto para la maestra de celan/92*Elías Heim*2000,2000
ex.585,o.2272,Sobre la Muerte*2000,Dopa*Jaime González*1998,2000
ex.585,o.2500,Sobre la Muerte*2000,The explosive immediacy of statement*Roy Lichtenstein*1969,2000
ex.585,o.2354,Sobre la Muerte*2000,Narcisos*Óscar Muñoz*1995,2000
ex.585,o.2556,Sobre la Muerte*2000,La cosecha de los violentos*Alfonso Quijano Acero*1968,2000
ex.585,o.2344,Sobre la Muerte*2000,BOCAGRANDE II (De la Serie: Diario Objeto II)*Alicia Barney*1979,2000
ex.585,o.2195,Sobre la Muerte*2000,Dibujo no. 1*Gracia Barrios*1986,2000
ex.585,o.3390,Sobre la Muerte*2000,Loca*José Clemente Orozco*1944,2000
ex.585,o.3932,Sobre la Muerte*2000,Homenaje a una reliquia*Enrique Grau*1957,2000
ex.585,o.2679,Sobre la Muerte*2000,Composition for peace portfolio*Robert Rauschenberg*1970,2000
ex.585,o.2256,Sobre la Muerte*2000,Sin título (conjunto de 5)*Becky Mayer*1992,2000
ex.585,o.2851,Sobre la Muerte*2000,Delirio de las monjas muertas no.11*Juan Antonio Roda*1974,2000
ex.585,o.2833,Sobre la Muerte*2000,Yumbo o la nube gris*Augusto Rendón*1976,2000
ex.585,o.3508,Sobre la Muerte*2000,Testimonio de los Desaparecidos (Conjunto de 10)*María José Morales*1994,2000
ex.585,o.2561,Sobre la Muerte*2000,De la transformacion de sanson y dalila en judith*Leonel Góngora*1970,2000
ex.585,o.4013,Sobre la Muerte*2000,Nocturno*Luis Fernando Escobar*1994,2000
ex.585,o.2642,Sobre la Muerte*2000,Pieta iii*Eugenio Dittborn*1978,2000
ex.585,o.2900,Sobre la Muerte*2000,Camilo torres*Luis Camnitzer*1970,2000
ex.585,o.2179,Sobre la Muerte*2000,Funeral*Alicia Viteri*1984,2000
ex.585,o.2787,Sobre la Muerte*2000,Sin título*José Guadalupe Posada*1910,2000
ex.585,o.3957,Sobre la Muerte*2000,Cuadro de los machetes*Rolando Peña*1984,2000
ex.585,o.3096,Sobre la Muerte*2000,Sin título*Roberto Sebastián Matta*1974,2000
ex.586,o.2561,Exposición-homenaje a Leonel Góngora*2000,De la transformacion de sanson y dalila en judith*Leonel Góngora*1970,2000
ex.594,o.2341,Bestiario*2000,Columna*Consuelo Gómez*1987,2000
ex.594,o.3922,Bestiario*2000,Color de rosa*Lucy Tejada*1968,2000
ex.594,o.3369,Bestiario*2000,Manglar*Lucy Tejada*1989,2000
ex.594,o.2281,Bestiario*2000,Natasha*Giovanni Vargas*1998,2000
ex.594,o.3929,Bestiario*2000,La jaula vacía*Enrique Grau*1962,2000
ex.594,o.2407,Bestiario*2000,Señor fumando*Antonio Seguí*1977,2000
ex.596,o.4026,Ana Velasco Ficciones Retinianas*2000,Luna llena*Ana Velasco*1999,2000
ex.602,o.4030,Testigos Silenciosos*2001,Testigos silenciosos*Jean Gabriel Thénot*,2001
ex.606,o.3254,Retratos y Autorretratos*2001,Georgia fingerprint state ii*Chuck Close*1985,2001
ex.612,o.2338,Rosemberg Sandoval*2001,Diana -instalacion-*Rosemberg Sandoval*1986,2001
ex.612,o.2349,Rosemberg Sandoval*2001,Mugre*Rosemberg Sandoval*1990,2001
ex.621,o.2611,Texto y Textualidad*2002,Love*Robert Indiana*1969,2002
ex.621,o.2678,Texto y Textualidad*2002,Campbell's soup -tomato*Andy Warhol*1971,2002
ex.621,o.2927,Texto y Textualidad*2002,En 1978 todo está muy caro*Antonio Caro*1978,2002
ex.621,o.2900,Texto y Textualidad*2002,Camilo torres*Luis Camnitzer*1970,2002
ex.621,o.3544,Texto y Textualidad*2002,Stop violence*Fernando Arias*2000,2002
ex.621,o.3274,Texto y Textualidad*2002,Mudos*Eugenio Dittborn*1980,2002
ex.621,o.3455,Texto y Textualidad*2002,Sin título*Rafael Ortiz*1995,2002
ex.621,o.2311,Texto y Textualidad*2002,Air #13*Rubens Gerchman*1969,2002
ex.621,o.2401,Texto y Textualidad*2002,Café*José Balmes*1981,2002
ex.621,o.2931,Texto y Textualidad*2002,Homenaje a Manuel Quintín Lame*Antonio Caro*1978,2002
ex.621,o.2679,Texto y Textualidad*2002,Composition for peace portfolio*Robert Rauschenberg*1970,2002
ex.621,o.2848,Texto y Textualidad*2002,Colombia*Antonio Caro*1977,2002
ex.621,o.2601,Texto y Textualidad*2002,Imagen del juego encuesta:identifique sus enemigos*Julio Le Parc*1970,2002
ex.621,o.2132,Texto y Textualidad*2002,Serie de los Jardines Prohibidos: PAJARO HERIDO*Lucy Tejada*1977,2002
ex.621,o.2755,Texto y Textualidad*2002,Paintbrush*Jim Dine*1971,2002
ex.621,o.2968,Texto y Textualidad*2002,Sueños con Marcel Duchamp*Álvaro Barrios*1980,2002
ex.621,o.2477,Texto y Textualidad*2002,The 23 letters*Jonier Marín*1986,2002
ex.623,o.2356,Naturaleza y Paisaje*2002,Manglar del mico*Hernando Tejada*1996,2002
ex.623,o.2344,Naturaleza y Paisaje*2002,BOCAGRANDE II (De la Serie: Diario Objeto II)*Alicia Barney*1979,2002
ex.623,o.2925,Naturaleza y Paisaje*2002,Bodegón*Fernando Botero*1977,2002
ex.623,o.2227,Naturaleza y Paisaje*2002,El puente Ortiz y el hotel alférez real. Cali*Otto Moll González*1956,2002
ex.623,o.3495,Naturaleza y Paisaje*2002,Quilla y Sol*Diego Mazuera*1995,2002
ex.623,o.3936,Naturaleza y Paisaje*2002,En el barco*Ricardo Gómez Campuzano*1941,2002
ex.623,o.3970,Naturaleza y Paisaje*2002,"Misterios gloriosos, gozosos y dolorosos*Bibiana Vélez*1985",2002
ex.623,o.3964,Naturaleza y Paisaje*2002,"De la serie: Los Animales, Sin título*María Cristina Cortés*1986",2002
ex.623,o.3310,Naturaleza y Paisaje*2002,Regata en Cartagena*Hernando Del Villar*1987,2002
ex.623,o.4014,Naturaleza y Paisaje*2002,Objetos que deslumbran*Carlos Jacanamijoy Tisoy*1994,2002
ex.623,o.3953,Naturaleza y Paisaje*2002,Sin título - Paisaje *Ignacio Gómez Jaramillo*1959,2002
ex.623,o.1916,Naturaleza y Paisaje*2002,Topografia interior X*Jaime Suárez*1988,2002
ex.623,o.3988,Naturaleza y Paisaje*2002,Cuando regreso a casa*Antonio Seguí*1986,2002
ex.631,o.3082,Antonio Caro*2002,Mata de maíz*Antonio Caro*1981,2002
ex.631,o.4031,Antonio Caro*2002,Coca-cola Colombia*Antonio Caro*2002,2002
ex.631,o.2927,Antonio Caro*2002,En 1978 todo está muy caro*Antonio Caro*1978,2002
ex.631,o.2931,Antonio Caro*2002,Homenaje a Manuel Quintín Lame*Antonio Caro*1978,2002
ex.631,o.3551,Antonio Caro*2002,Defienda su talento*Antonio Caro*1998,2002
ex.634,o.2382,Acotaciones Entorno a la Fotografía*2002,Serie: CARTWN NEWER CYTY*Jaime Ávila*2002,2002
ex.641,o.2285,La María y Otras Series*2003,Serie: LA MARIA (Conjunto de 2)*Juan Manuel Echavarría*2002,2003
ex.658,o.2677,Gráfica Norteamericana*2003,Blue Moon*Alexander Calder*1974,2003
ex.658,o.2500,Gráfica Norteamericana*2003,The explosive immediacy of statement*Roy Lichtenstein*1969,2003
ex.658,o.2611,Gráfica Norteamericana*2003,Love*Robert Indiana*1969,2003
ex.658,o.3254,Gráfica Norteamericana*2003,Georgia fingerprint state ii*Chuck Close*1985,2003
ex.658,o.2605,Gráfica Norteamericana*2003,Sin título*Sam Francis*1969,2003
ex.658,o.2679,Gráfica Norteamericana*2003,Composition for peace portfolio*Robert Rauschenberg*1970,2003
ex.658,o.2674,Gráfica Norteamericana*2003,Sky shadow*Louise Nevelson*1973,2003
ex.658,o.2544,Gráfica Norteamericana*2003,Sin título*Saúl Steinberg*1969,2003
ex.658,o.2678,Gráfica Norteamericana*2003,Campbell's soup -tomato*Andy Warhol*1971,2003
ex.658,o.2613,Gráfica Norteamericana*2003,Sin título*Willem De Kooning*1969,2003
ex.658,o.2755,Gráfica Norteamericana*2003,Paintbrush*Jim Dine*1971,2003
ex.658,o.2504,Gráfica Norteamericana*2003,"De la serie: THE JOLLY CORNER SUITE, III:1*Peter Milton*1971",2003
ex.658,o.2559,Gráfica Norteamericana*2003,Wouldst thou have daly for thy king*William Weege*1968,2003
ex.658,o.2540,Gráfica Norteamericana*2003,Perspective Shadow Man*Ernest Trova*1972,2003
ex.658,o.2545,Gráfica Norteamericana*2003,Ponope*Carol Summers*1969,2003
ex.658,o.3212,Gráfica Norteamericana*2003,Monocoptero*Man Ray*1969,2003
ex.658,o.2508,Gráfica Norteamericana*2003,Mask of ghent*Thom O'Connor*1968,2003
ex.658,o.2544,Gráfica Norteamericana*2003,Sin título*Saúl Steinberg*1969,2003
ex.658,o.2973,Gráfica Norteamericana*2003,Pacific*Gabor Peterdi*1971,2003
ex.658,o.2538,Gráfica Norteamericana*2003,Watertower*Allan D'Arcangelo*1973,2003
ex.658,o.3259,Gráfica Norteamericana*2003,Stone ridge #6*Al Held*1984,2003
ex.658,o.2599,Gráfica Norteamericana*2003,Sin título*John McLaughlin*1963,2003
ex.658,o.3080,Gráfica Norteamericana*2003,Maids and other Servants: THE BUTLER*Charles Roth*1979,2003
ex.658,o.2854,Gráfica Norteamericana*2003,Waiting*Will Barnet*1974,2003
ex.667,o.2111,Enrique Grau 1920 - 2004 y su generación*2004,Pigmalion y galatea*Enrique Grau*1973,2004
ex.675,o.3216,Dibujar en las Americas*2004,Rotura*Liliana Porter*1972,2004
ex.675,o.2845,Dibujar en las Americas*2004,Sin título*Fernando de Szyszlo*1977,2004
ex.675,o.2160,Dibujar en las Americas*2004,LOS PRESAGIOS #2.Apuntes para un estudio de la Con*Flavio Garciandía*1980,2004
ex.675,o.2109,Dibujar en las Americas*2004,Sin título*Rodolfo Abularach*1971,2004
ex.675,o.2171,Dibujar en las Americas*2004,Ver y ser visto*Eugenio Dittborn*1978,2004
ex.675,o.2172,Dibujar en las Americas*2004,No ver y no ser visto*Eugenio Dittborn*1978,2004
ex.675,o.2112,Dibujar en las Americas*2004,De la Serie: Los Cuerpos*Pedro Alcántara Herrán*1968,2004
ex.675,o.2100,Dibujar en las Americas*2004,Grito*José Balmes*1971,2004
ex.675,o.2407,Dibujar en las Americas*2004,Señor fumando*Antonio Seguí*1977,2004
ex.675,o.2828,Dibujar en las Americas*2004,La fuerza del caballo*José Gamarra*1976,2004
ex.675,o.2777,Dibujar en las Americas*2004,Sin título*Luis Caballero*1976,2004
ex.675,o.2004,Dibujar en las Americas*2004,Cows and clouds*Dana W. Atchley*1971,2004
ex.675,o.2598,Dibujar en las Americas*2004,Sin título*John Paul Jones*1971,2004
ex.675,o.2185,Dibujar en las Americas*2004,Sin título*Daniel Senise*1986,2004
ex.675,o.2161,Dibujar en las Americas*2004,Paso de danza inconcluso*Leonel Góngora*1980,2004
ex.696,o.1902,Ana Mercedes Hoyos - Antología *2005,Sin título*Nubia Hoyos De Bonilla*1969,2005
ex.696,o.2354,Ana Mercedes Hoyos - Antología *2005,Narcisos*Óscar Muñoz*1995,2005
ex.696,o.2400,Ana Mercedes Hoyos - Antología *2005,SIN TITULO (Proyecto para Menú)*Óscar Muñoz*1982,2005
ex.696,o.2726,Ana Mercedes Hoyos - Antología *2005,Koren*Jan Cremer*1975,2005
ex.696,o.2695,Ana Mercedes Hoyos - Antología *2005,Tu caminabas*Luis Díaz*1974,2005
ex.696,o.2631,Ana Mercedes Hoyos - Antología *2005,Espacio para meditar*Arturo Kubotta*1964,2005
ex.698,o.2102,En torno al Cuerpo*2005,Desnudo*Darío Morales*1970,2005
ex.705,o.2361,Eduardo Ramírez Villamizar y su Entorno*2006,De la Serie: Camas*Feliza Bursztyn*1974,2006
ex.705,o.3946,Eduardo Ramírez Villamizar y su Entorno*2006,Naturaleza muerta*Beatriz Daza*1966,2006
ex.705,o.3913,Eduardo Ramírez Villamizar y su Entorno*2006,BATALLA DE HIERRO Y DE HOMBRE (zo fijado en madera*María Thereza Negreiros*1965,2006
ex.705,o.2303,Eduardo Ramírez Villamizar y su Entorno*2006,Cajas*Bernardo Salcedo*1969,2006
ex.705,o.2331,Eduardo Ramírez Villamizar y su Entorno*2006,Relicario de tres cabezas*Jim Amaral*1973,2006
ex.705,o.1916,Eduardo Ramírez Villamizar y su Entorno*2006,Topografia interior X*Jaime Suárez*1988,2006
ex.705,o.2346,Eduardo Ramírez Villamizar y su Entorno*2006,Geografia*Hugo Zapata*1988,2006
ex.705,o.2351,Eduardo Ramírez Villamizar y su Entorno*2006,KATALHUYK  (4 cabezas)*Nadín Ospina*1993,2006
ex.705,o.2300,Eduardo Ramírez Villamizar y su Entorno*2006,Cuarta dimension*Yutaka Toyota*1970,2006
ex.705,o.2317,Eduardo Ramírez Villamizar y su Entorno*2006,Fisicromia no. 806*Carlos Cruz-Diez*1975,2006
ex.705,o.2352,Eduardo Ramírez Villamizar y su Entorno*2006,Dotación para museo en vías de extensión*Elías Heim*1993,2006
ex.705,o.3912,Eduardo Ramírez Villamizar y su Entorno*2006,Playa grande*Fernando Maza*1968,2006
ex.705,o.2345,Eduardo Ramírez Villamizar y su Entorno*2006,Disolventes como sudor son sus altos clamores*Pablo Van Wong*1990,2006
ex.705,o.2304,Eduardo Ramírez Villamizar y su Entorno*2006,Estructura vibrante*Jesús Rafael Soto*1965,2006
ex.705,o.2328,Eduardo Ramírez Villamizar y su Entorno*2006,La invasión de la mente*Marta Minujín*1984,2006
ex.705,o.2341,Eduardo Ramírez Villamizar y su Entorno*2006,Columna*Consuelo Gómez*1987,2006
ex.705,o.2311,Eduardo Ramírez Villamizar y su Entorno*2006,Air #13*Rubens Gerchman*1969,2006
ex.709,o.2187,Diez Artistas Vallecaucanos*2006,Sala de espera 9:50 a.m.*Rodolfo Vélez*1985,2006
ex.709,o.2470,Diez Artistas Vallecaucanos*2006,Boceto para la maestra de celan/92*Elías Heim*2000,2006
ex.709,o.2281,Diez Artistas Vallecaucanos*2006,Natasha*Giovanni Vargas*1998,2006
ex.709,o.3994,Diez Artistas Vallecaucanos*2006,Sin titulo i*Armin Tröger*1990,2006
ex.736,o.3212,Artefacto*2008,Monocoptero*Man Ray*1969,2008
ex.736,o.2309,Artefacto*2008,Estrella de mar*Feliza Bursztyn*1974,2008
ex.736,o.2342,Artefacto*2008,La rueda de Marcel Duchamp*Álvaro Barrios*1989,2008
ex.736,o.2898,Artefacto*2008,Monument mecanique*Sergio Camporeale*1977,2008
ex.736,o.2303,Artefacto*2008,Cajas*Bernardo Salcedo*1969,2008
ex.744,o.2603,"Eros, dolor y muerte*2009",Yo también quise ser bueno*Miguel Bresciano*1966,2009
ex.744,o.2966,"Eros, dolor y muerte*2009",Homenaje II*Enrique Grau*1979,2009
ex.744,o.2536,"Eros, dolor y muerte*2009",El encuentro*Antonio Berni*1972,2009
ex.744,o.2787,"Eros, dolor y muerte*2009",Sin título*José Guadalupe Posada*1910,2009
ex.744,o.2652,"Eros, dolor y muerte*2009",La consumidora*Ned Truss*1973,2009
ex.744,o.2161,"Eros, dolor y muerte*2009",Paso de danza inconcluso*Leonel Góngora*1980,2009
ex.744,o.2613,"Eros, dolor y muerte*2009",Sin título*Willem De Kooning*1969,2009
ex.744,o.3161,"Eros, dolor y muerte*2009",Cita en el escondite*María de la Paz Jaramillo*1980,2009
ex.744,o.2150,"Eros, dolor y muerte*2009",Dos almas*María de la Paz Jaramillo*1980,2009
ex.744,o.3948,"Eros, dolor y muerte*2009",Cada noche un amor*María de la Paz Jaramillo*1980,2009
ex.744,o.2576,"Eros, dolor y muerte*2009",La potranca*Francisco Corzas*1972,2009
ex.744,o.2917,"Eros, dolor y muerte*2009",Del portafolio: San juan de la cruz -noche oscura-*Luis Caballero*1977,2009
ex.744,o.3435,"Eros, dolor y muerte*2009",Saltando Matones (Serie de 12)*Wilson Díaz & Juan Mejía*1996,2009
ex.744,o.2685,"Eros, dolor y muerte*2009",Contrastes*Roberto Cabrera*1974,2009
ex.744,o.2877,"Eros, dolor y muerte*2009",Serie ayerim no.4*Saúl Huerta*1977,2009
ex.744,o.2768,"Eros, dolor y muerte*2009",In a dark time*David Becker*1973,2009
ex.744,o.2556,"Eros, dolor y muerte*2009",La cosecha de los violentos*Alfonso Quijano Acero*1968,2009
ex.744,o.2873,"Eros, dolor y muerte*2009",Under the volcano*Pierre Aletchinsky*1977,2009
ex.744,o.2655,"Eros, dolor y muerte*2009",Daphne 83*Penny Bennet*1973,2009
ex.744,o.2189,"Eros, dolor y muerte*2009",El unicornio*Eduardo Ramírez Villamizar*1948,2009
ex.744,o.2191,"Eros, dolor y muerte*2009",Katastrofe*Antonio Eligio Fernandez*1986,2009
ex.744,o.2544,"Eros, dolor y muerte*2009",Sin título*Saúl Steinberg*1969,2009
ex.744,o.2621,"Eros, dolor y muerte*2009",Seamster of Venus —Homenaje a Burroughs—*Robert Nelson*1970,2009
ex.744,o.2112,"Eros, dolor y muerte*2009",De la Serie: Los Cuerpos*Pedro Alcántara Herrán*1968,2009
ex.744,o.2809,"Eros, dolor y muerte*2009",Ideas de lineas*Julio Silva*1976,2009
ex.744,o.2833,"Eros, dolor y muerte*2009",Yumbo o la nube gris*Augusto Rendón*1976,2009
ex.744,o.2114,"Eros, dolor y muerte*2009",El martirio agiganta a los hombres-raíz*Pedro Alcántara Herrán*1966,2009
ex.744,o.2556,"Eros, dolor y muerte*2009",La cosecha de los violentos*Alfonso Quijano Acero*1968,2009
ex.753,o.2171,Miradas Transversales *2011,Ver y ser visto*Eugenio Dittborn*1978,2011
ex.753,o.2172,Miradas Transversales *2011,No ver y no ser visto*Eugenio Dittborn*1978,2011
ex.753,o.2188,Miradas Transversales *2011,De la Serie: ANIMALES*José Franco*1986,2011
ex.753,o.3957,Miradas Transversales *2011,Cuadro de los machetes*Rolando Peña*1984,2011
ex.753,o.2311,Miradas Transversales *2011,Air #13*Rubens Gerchman*1969,2011
ex.753,o.2349,Miradas Transversales *2011,Mugre*Rosemberg Sandoval*1990,2011
ex.755,o.4026,Reconfiguraciones *2011,Luna llena*Ana Velasco*1999,2011
ex.755,o.3988,Reconfiguraciones *2011,Cuando regreso a casa*Antonio Seguí*1986,2011
ex.755,o.3970,Reconfiguraciones *2011,"Misterios gloriosos, gozosos y dolorosos*Bibiana Vélez*1985",2011
ex.755,o.3979,Reconfiguraciones *2011,Autorretrato VII*Carlos Collazo*1988,2011
ex.755,o.3977,Reconfiguraciones *2011,Sin título*Carlos -Bororo- Maturana*1988,2011
ex.755,o.4002,Reconfiguraciones *2011,La mujer ilustrada en america*Carlos Zerpa*1991,2011
ex.755,o.2185,Reconfiguraciones *2011,Sin título*Daniel Senise*1986,2011
ex.755,o.3952,Reconfiguraciones *2011,En busca de alguien*Delia Cugat*1982,2011
ex.755,o.3993,Reconfiguraciones *2011,Puerto bronce*Diego Mazuera*1990,2011
ex.755,o.3927,Reconfiguraciones *2011,Marta traba*Francisco Rodón*1972,2011
ex.755,o.2184,Reconfiguraciones *2011,Posibilidades de una pera*Gustavo Zalamea*1986,2011
ex.755,o.2305,Reconfiguraciones *2011,Teresa la mujer mesa*Hernando Tejada*1970,2011
ex.755,o.3905,Reconfiguraciones *2011,La danza del curiquingue*Hugo Cifuentes*1967,2011
ex.755,o.2331,Reconfiguraciones *2011,Relicario de tres cabezas*Jim Amaral*1973,2011
ex.755,o.4004,Reconfiguraciones *2011,Escenas*Jorge Julián Aristizábal*1992,2011
ex.755,o.2359,Reconfiguraciones *2011,Silla*María Clara Piñeyro*1996,2011
ex.755,o.2180,Reconfiguraciones *2011,De la Serie: PAREJAS*María de la Paz Jaramillo*1985,2011
ex.755,o.2328,Reconfiguraciones *2011,La invasión de la mente*Marta Minujín*1984,2011
ex.755,o.4010,Reconfiguraciones *2011,Relatos*Miguel Ángel Rojas*1993,2011
ex.755,o.3906,Reconfiguraciones *2011,La ciudad*Noé Nojechowicz*1973,2011
ex.755,o.4017,Reconfiguraciones *2011,Westfalia (el exquisito tacto de una de sus amantes al punto más evasido del hemisferio sur)*Rafael Ortiz*1994,2011
ex.755,o.3903,Reconfiguraciones *2011,Eros*Rodolfo Abularach*1974,2011
ex.755,o.3978,Reconfiguraciones *2011,Sin título*Samy Benmayor*1988,2011
ex.755,o.2186,Reconfiguraciones *2011,Contra killer A-1*Tabo Toral*1986,2011
ex.755,o.3989,Reconfiguraciones *2011,Purga tenebras*Víctor Laignelet*1989,2011
ex.766,o.3435,Master/Copy: Juan & Wilson [1995 – 1998]*2013,Saltando Matones (Serie de 12)*Wilson Díaz & Juan Mejía*1996,2013
ex.782,o.2305,Tejadita: viajero y sibarita*2014,Teresa la mujer mesa*Hernando Tejada*1970,2014
ex.786,o.3070,La Condición Urbana *2015,Licopodio 15*León Ferrari*1981,2015
ex.786,o.3067,La Condición Urbana *2015,Planta 2*León Ferrari*1981,2015
ex.786,o.3071,La Condición Urbana *2015,Avenida*León Ferrari*1981,2015
ex.800,o.3944,Colonia Infancia: El reino del arte para explorar los sentidos*2015,Una casita al sol*Emilio Sánchez*1969,2015
ex.800,o.3104,Colonia Infancia: El reino del arte para explorar los sentidos*2015,Niño*Rufino Tamayo*1979,2015
ex.800,o.3972,Colonia Infancia: El reino del arte para explorar los sentidos*2015,De la serie: PINTURAS DE AGUA*Óscar Muñoz*1985,2015
ex.800,o.2344,Colonia Infancia: El reino del arte para explorar los sentidos*2015,BOCAGRANDE II (De la Serie: Diario Objeto II)*Alicia Barney*1979,2015
ex.800,o.2303,Colonia Infancia: El reino del arte para explorar los sentidos*2015,Cajas*Bernardo Salcedo*1969,2015
ex.800,o.2361,Colonia Infancia: El reino del arte para explorar los sentidos*2015,De la Serie: Camas*Feliza Bursztyn*1974,2015
ex.800,o.2300,Colonia Infancia: El reino del arte para explorar los sentidos*2015,Cuarta dimension*Yutaka Toyota*1970,2015
ex.800,o.2305,Colonia Infancia: El reino del arte para explorar los sentidos*2015,Teresa la mujer mesa*Hernando Tejada*1970,2015
ex.805,o.2404,Beatriz González: El segundo original*2016,Niña Johnson I*Beatriz González*1965,2016
ex.810,o.2540,La Forma Del Futuro*2016,Perspective Shadow Man*Ernest Trova*1972,2016
ex.810,o.2317,La Forma Del Futuro*2016,Fisicromia no. 806*Carlos Cruz-Diez*1975,2016
ex.810,o.2334,La Forma Del Futuro*2016,Horizontes*Luis Fernando Peláez*1986,2016
ex.810,o.2330,La Forma Del Futuro*2016,Columna flor*Eduardo Ramírez Villamizar*1982,2016
ex.810,o.3540,La Forma Del Futuro*2016,Sin título*Eduardo Ramírez Villamizar*1999,2016
ex.810,o.3157,La Forma Del Futuro*2016,Sin título*Eduardo Ramírez Villamizar*1979,2016
ex.810,o.2329,La Forma Del Futuro*2016,Trapecio*Édgar Negret*1984,2016
ex.810,o.2622,La Forma Del Futuro*2016,SARKS -hommage a Burroughs-*Robert Nelson*1970,2016
ex.810,o.3061,La Forma Del Futuro*2016,Planta*León Ferrari*1980,2016
ex.810,o.3067,La Forma Del Futuro*2016,Planta 2*León Ferrari*1981,2016
ex.812,o.3504,Presentación y Representación*2008,Arte de los '80 (Conjunto de 7)*Adolfo Bernal*1980,2008
ex.812,o.2114,Presentación y Representación*2008,El martirio agiganta a los hombres-raíz*Pedro Alcántara Herrán*1966,2008
ex.812,o.4032,Presentación y Representación*2008,Aquí no cabe el arte*Antonio Caro*2000,2008
ex.812,o.3062,Presentación y Representación*2008,Cidade*León Ferrari*1980,2008
ex.812,o.3064,Presentación y Representación*2008,Rua*León Ferrari*1980,2008
ex.814,o.3917,Arte contemporáneo colombiano en el museo de arte moderno la tertulia *1997,El mar muerto*Emma Reyes*1959,1997
ex.814,o.3929,Arte contemporáneo colombiano en el museo de arte moderno la tertulia *1997,La jaula vacía*Enrique Grau*1962,1997
ex.814,o.3935,Arte contemporáneo colombiano en el museo de arte moderno la tertulia *1997,Los suicidas del sisga*Beatriz González*1965,1997
ex.814,o.3914,Arte contemporáneo colombiano en el museo de arte moderno la tertulia *1997,"Huesos de mis bestias, la barracuda*Alejandro Obregón*1966",1997
ex.814,o.2114,Arte contemporáneo colombiano en el museo de arte moderno la tertulia *1997,El martirio agiganta a los hombres-raíz*Pedro Alcántara Herrán*1966,1997
ex.814,o.3916,Arte contemporáneo colombiano en el museo de arte moderno la tertulia *1997,Catío *Ómar Rayo*1970,1997
ex.814,o.2141,Arte contemporáneo colombiano en el museo de arte moderno la tertulia *1997,De la serie: Los muros *Lucy Tejada*1973,1997
ex.814,o.3942,Arte contemporáneo colombiano en el museo de arte moderno la tertulia *1997,Paisaje*Antonio Barrera*1978,1997
ex.814,o.3947,Arte contemporáneo colombiano en el museo de arte moderno la tertulia *1997,Serie amazonica: selva No. 2*María Thereza Negreiros*1980,1997
ex.814,o.3948,Arte contemporáneo colombiano en el museo de arte moderno la tertulia *1997,Cada noche un amor*María de la Paz Jaramillo*1980,1997
ex.814,o.3950,Arte contemporáneo colombiano en el museo de arte moderno la tertulia *1997,La caja de cartón*Santiago Cárdenas*1981,1997
ex.814,o.3966,Arte contemporáneo colombiano en el museo de arte moderno la tertulia *1997,Signo-inclinado*Manuel Hernández*1983,1997
ex.814,o.3965,Arte contemporáneo colombiano en el museo de arte moderno la tertulia *1997,Casa ocupada*Diego Arango*1985,1997
ex.814,o.3982,Arte contemporáneo colombiano en el museo de arte moderno la tertulia *1997,De la descomposicion de la apariencia*Carlos Salas Silva*1988,1997
ex.814,o.3974,Arte contemporáneo colombiano en el museo de arte moderno la tertulia *1997,De la serie: Jardín *Ana María Rueda*1988,1997
ex.814,o.3989,Arte contemporáneo colombiano en el museo de arte moderno la tertulia *1997,Purga tenebras*Víctor Laignelet*1989,1997
ex.814,o.3990,Arte contemporáneo colombiano en el museo de arte moderno la tertulia *1997,El último rincón*Cristina Llano*1989,1997
ex.814,o.3987,Arte contemporáneo colombiano en el museo de arte moderno la tertulia *1997,Sin titulo No. 18*María Teresa Vieco*1989,1997
ex.814,o.3993,Arte contemporáneo colombiano en el museo de arte moderno la tertulia *1997,Puerto bronce*Diego Mazuera*1990,1997
ex.814,o.4021,Arte contemporáneo colombiano en el museo de arte moderno la tertulia *1997,Orbis regionum*Miguel Ángel Reyes*1991,1997
ex.814,o.4004,Arte contemporáneo colombiano en el museo de arte moderno la tertulia *1997,Escenas*Jorge Julián Aristizábal*1992,1997
ex.814,o.4008,Arte contemporáneo colombiano en el museo de arte moderno la tertulia *1997,Sin título*Vicky Neumann*1993,1997
ex.814,o.4014,Arte contemporáneo colombiano en el museo de arte moderno la tertulia *1997,Objetos que deslumbran*Carlos Jacanamijoy Tisoy*1994,1997
ex.814,o.4015,Arte contemporáneo colombiano en el museo de arte moderno la tertulia *1997,El mago*Carlos Gómez*1994,1997
ex.819,o.3033,Seis Artistas Colombianos *2002,Grabado popular impreso a través de un periódico. El Heraldo*Álvaro Barrios*1981,2002
ex.819,o.2342,Seis Artistas Colombianos *2002,La rueda de Marcel Duchamp*Álvaro Barrios*1989,2002
ex.819,o.2968,Seis Artistas Colombianos *2002,Sueños con Marcel Duchamp*Álvaro Barrios*1980,2002
ex.819,o.2113,Seis Artistas Colombianos *2002,Son sombra de guerreros*Pedro Alcántara Herrán*1971,2002
ex.819,o.2114,Seis Artistas Colombianos *2002,El martirio agiganta a los hombres-raíz*Pedro Alcántara Herrán*1966,2002
ex.819,o.2112,Seis Artistas Colombianos *2002,De la Serie: Los Cuerpos*Pedro Alcántara Herrán*1968,2002
ex.819,o.2110,Seis Artistas Colombianos *2002,Sin título*Luis Caballero*1968,2002
ex.819,o.2117,Seis Artistas Colombianos *2002,Dibujo anecdótico*Luis Caballero*1974,2002
ex.819,o.2911,Seis Artistas Colombianos *2002,Del portafolio: San juan de la cruz -noche oscura-*Luis Caballero*1977,2002
ex.819,o.3949,Seis Artistas Colombianos *2002,El rincón*Santiago Cárdenas*1974,2002
ex.819,o.3539,Seis Artistas Colombianos *2002, Modelo (Figura)*Santiago Cárdenas*1999,2002
ex.819,o.2651,Seis Artistas Colombianos *2002,Blue jeans*Miguel Ángel Rojas*1973,2002
ex.819,o.2161,Seis Artistas Colombianos *2002,Paso de danza inconcluso*Leonel Góngora*1980,2002
ex.819,o.4001,Seis Artistas Colombianos *2002,Decoracion de interiores*Beatriz González*1981,2002
ex.819,o.2783,Seis Artistas Colombianos *2002,Mi lucha*Beatriz González*1974,2002
ex.819,o.3935,Seis Artistas Colombianos *2002,Los suicidas del sisga*Beatriz González*1965,2002
ex.819,o.2340,Seis Artistas Colombianos *2002,Platon degas*Beatriz González*1975,2002
ex.823,o.2505,El arte como experiencia - Un museo con historia Colección La Tertulia*2012,Sin título*Robert Motherwell*1969,2012
ex.823,o.3972,El arte como experiencia - Un museo con historia Colección La Tertulia*2012,De la serie: PINTURAS DE AGUA*Óscar Muñoz*1985,2012
ex.823,o.3948,El arte como experiencia - Un museo con historia Colección La Tertulia*2012,Cada noche un amor*María de la Paz Jaramillo*1980,2012
ex.823,o.2114,El arte como experiencia - Un museo con historia Colección La Tertulia*2012,El martirio agiganta a los hombres-raíz*Pedro Alcántara Herrán*1966,2012
ex.823,o.3921,El arte como experiencia - Un museo con historia Colección La Tertulia*2012,Sin título*Lucy Tejada*1955,2012
ex.823,o.3935,El arte como experiencia - Un museo con historia Colección La Tertulia*2012,Los suicidas del sisga*Beatriz González*1965,2012
ex.823,o.2786,El arte como experiencia - Un museo con historia Colección La Tertulia*2012,Sin título*José Guadalupe Posada*1910,2012
ex.823,o.2601,El arte como experiencia - Un museo con historia Colección La Tertulia*2012,Imagen del juego encuesta:identifique sus enemigos*Julio Le Parc*1970,2012
ex.823,o.2678,El arte como experiencia - Un museo con historia Colección La Tertulia*2012,Campbell's soup -tomato*Andy Warhol*1971,2012
ex.823,o.2307,El arte como experiencia - Un museo con historia Colección La Tertulia*2012,"El puente, homenaje a Paul Foster*Édgar Negret*1970",2012
ex.823,o.2184,El arte como experiencia - Un museo con historia Colección La Tertulia*2012,Posibilidades de una pera*Gustavo Zalamea*1986,2012
ex.823,o.3953,El arte como experiencia - Un museo con historia Colección La Tertulia*2012,Sin título - Paisaje *Ignacio Gómez Jaramillo*1959,2012
ex.823,o.3900,El arte como experiencia - Un museo con historia Colección La Tertulia*2012,Ingeniería de la vision*Carlos Rojas*1969,2012
ex.823,o.2129,El arte como experiencia - Un museo con historia Colección La Tertulia*2012,De la Serie: LUGARES*Ever Astudillo*1976,2012
ex.823,o.3914,El arte como experiencia - Un museo con historia Colección La Tertulia*2012,"Huesos de mis bestias, la barracuda*Alejandro Obregón*1966",2012