id_nodo,nombre_nodo,ano_apa,subclass,attr,class_nodo
ex.1,Cuadros y motivos místicos de los Siglos XIII y XIX*1956,1956,individual,desconocido,expo
ex.2,"Reproducciones Francesas, impresionistas y modernas*1956",1956,individual,desconocido,expo
ex.3,I Galería de Pintores Colombianos Residentes en el Valle del Cauca *1956,1956,colectiva,desconocido,expo
ex.4,Obras de Alejandro Obregón*1956,1956,individual,desconocido,expo
ex.5,Exposición de fotografía*1956,1956,individual,desconocido,expo
ex.6,Exposición de Lucy Tejada 1956*1956,1956,individual,desconocido,expo
ex.7,Temas de Boca-Grande*1956,1956,individual,desconocido,expo
ex.8,Óleos y témperas de Alejandro Obregón*1956,1956,individual,desconocido,expo
ex.9,Exposición de caricatura*1956,1956,individual,desconocido,expo
ex.10,Yesid Montaña*1956,1956,individual,desconocido,expo
ex.11,Acuarelas de Hernando Tejada y María Teresa de Patiño*1956,1956,colectiva,desconocido,expo
ex.12,Jorge Elías Triana*1956,1956,individual,desconocido,expo
ex.13,Carlos Correa*1957,1957,individual,si,expo
ex.14,Pintura al Óleo del artista español José María Vidal*1957,1957,individual,desconocido,expo
ex.15,Exposición de vitrales de Mona Mondineu*1957,1957,individual,desconocido,expo
ex.16,Jornadas de Mayo*1957,1957,colectiva,si,expo
ex.17,Exposición de Mireya Zawadzky*1957,1957,individual,desconocido,expo
ex.18,Pintura abstracta de Carlos Rojas*1957,1957,individual,desconocido,expo
ex.19,Pinturas de Ómar Rayo*1957,1957,individual,si,expo
ex.20,Acuarelas de Dicken Castro y cerámica Lucy Tejada*1957,1957,colectiva,desconocido,expo
ex.21,José de Rokha*1958,1958,individual,si,expo
ex.22,Exposición de fotografía vallecaucana*1958,1958,colectiva,desconocido,expo
ex.23,"Exposición de pinturas de Pedro Gross (el mago ""gross"")*1958",1958,individual,si,expo
ex.24,José Luis de Figueroa*1958,1958,individual,si,expo
ex.25,Aníbal Gil*1958,1958,individual,desconocido,expo
ex.26,Exposición de prensa estudiantil*1958,1958,colectiva,desconocido,expo
ex.27,Exposición de acuarela chilena*1958,1958,colectiva,desconocido,expo
ex.28,Carlos Ruiz *1958,1958,individual,desconocido,expo
ex.29,Exposición de dibujo infantil*1958,1958,colectiva,desconocido,expo
ex.30,Exposición de carteles comerciales*1958,1958,colectiva,desconocido,expo
ex.31,Lucy Tejada y María Thereza Negreiros*1958,1958,colectiva,desconocido,expo
ex.32,Apuntes de Viaje*1959,1959,individual,desconocido,expo
ex.33,Jaime López Correa*1959,1959,individual,desconocido,expo
ex.34,Exposición de libros y caricaturas españolas*1959,1959,colectiva,desconocido,expo
ex.35,Leandro Velasco*1959,1959,individual,si,expo
ex.36,Arboleda*1959,1959,individual,si,expo
ex.37,Exposición de carteles cinematográficos*1959,1959,colectiva,desconocido,expo
ex.38,Alberto Gutiérrez*1960,1960,individual,si,expo
ex.39,Exposición de Acuarelas*1960,1960,individual,si,expo
ex.40,16 pinturas de Juan Antonio Roda*1960,1960,individual,si,expo
ex.41,David Manzur*1960,1960,individual,si,expo
ex.42,A. Rivera G.*1960,1960,individual,si,expo
ex.43,Oleos recientes de Marielle Muheim*1960,1960,individual,si,expo
ex.44,Hernando Tejada*1960,1960,individual,desconocido,expo
ex.45,Jan Palmer y S. Crawford*1960,1960,colectiva,si,expo
ex.46,Sessano*1960,1960,individual,si,expo
ex.47,Samuel Montealegre dibujos*1960,1960,individual,si,expo
ex.48,Leandro Velasco*1960,1960,individual,si,expo
ex.49,Elio Berhanyer*1960,1960,individual,desconocido,expo
ex.50,Exposición Colectiva de Pintura*1960,1960,colectiva,si,expo
ex.51,Óleos*1961,1961,individual,si,expo
ex.52,Exposición infantil intercolegial*1961,1961,colectiva,desconocido,expo
ex.53,Pinturas y anti-pinturas*1961,1961,individual,si,expo
ex.54,Exposición de Grabados*1961,1961,individual,si,expo
ex.55,Pinturas de Fanny Buitrago *1961,1961,individual,si,expo
ex.56,Mi viaje a Israel*1961,1961,individual,desconocido,expo
ex.57,Alejandro Obregón y Julio Abril*1961,1961,colectiva,desconocido,expo
ex.58,Emma Reyes*1961,1961,individual,si,expo
ex.59,Herrán - Pinturas*1961,1961,individual,si,expo
ex.60,Exposición de dibujo de los alienados de San Isidro*1961,1961,colectiva,desconocido,expo
ex.61,Pinturas 1961*1961,1961,individual,si,expo
ex.62,Leandro Velasco*1961,1961,individual,si,expo
ex.63,"Arboleda, Martínez, Eggen*1961",1961,colectiva,si,expo
ex.64,Exposición de Renée Alis*1962,1962,individual,desconocido,expo
ex.65,Exposición de pinturas de Gerardo Negret*1962,1962,individual,desconocido,expo
ex.66,Pinturas de Armando Villegas y Cerámicas de Alicia Tafur*1962,1962,colectiva,si,expo
ex.67,Óscar Pantoja*1962,1962,individual,si,expo
ex.68,Exposición de pintura Iiformalista española*1962,1962,colectiva,desconocido,expo
ex.69,Exposición de pintura colombiana*1962,1962,colectiva,desconocido,expo
ex.70,Alberto Gutiérrez*1962,1962,individual,si,expo
ex.71,Gerardo Negret*1962,1962,individual,si,expo
ex.72,Lucy Tejada y Jan Bartelsman*1962,1962,colectiva,desconocido,expo
ex.73,Exposición de carteles*1963,1963,colectiva,desconocido,expo
ex.74,Jan Bartelsman*1963,1963,individual,desconocido,expo
ex.75,Herrán - Pinturas*1963,1963,individual,si,expo
ex.76,Exposición-homenaje de Gerardo Negret 1963*1963,1963,individual,desconocido,expo
ex.77,XV Salón de Artistas Colombianos*1963,1963,colectiva,si,expo
ex.78,Pintura Moderna Ecuatoriana*1964,1964,colectiva,si,expo
ex.79,Exposición comparativa de afiches y estadísticas*1964,1964,colectiva,desconocido,expo
ex.80,Génesis*1964,1964,individual,si,expo
ex.81,Exposición Lemaitre sobre el tema del caballero*1964,1964,colectiva,desconocido,expo
ex.82,Alcántara*1964,1964,individual,si,expo
ex.83,José Mina*1964,1964,individual,si,expo
ex.84,IV Festival Nacional de Arte*1964,1964,colectiva,si,expo
ex.85,Óscar Pantoja*1964,1964,individual,desconocido,expo
ex.86,Nirma Zárate *1964,1964,individual,desconocido,expo
ex.87,Lucy Tejada*1964,1964,individual,si,expo
ex.88,María Luisa Andino*1964,1964,individual,si,expo
ex.89,Jan Bartelsman y Alberto Gutiérrez*1964,1964,colectiva,si,expo
ex.90,Enrique Grau*1965,1965,individual,desconocido,expo
ex.91,Augusto Rivera*1965,1965,individual,si,expo
ex.92,Hernando Tejada*1965,1965,individual,si,expo
ex.93,Alejandro Obregón*1965,1965,individual,desconocido,expo
ex.94,Angelino Osvaldo Lauvivi*1965,1965,individual,desconocido,expo
ex.95,Lucy Tejada*1965,1965,individual,desconocido,expo
ex.96,Jan Bartelsman*1965,1965,individual,desconocido,expo
ex.97,Beatriz González*1965,1965,individual,si,expo
ex.98,Pedro Alcántara*1965,1965,individual,si,expo
ex.99,Exposición de joyas y esmaltes bolivianos y piedras del Lago Titicaca*1965,1965,colectiva,desconocido,expo
ex.100,Exposición sobre el libro francés*1966,1966,colectiva,desconocido,expo
ex.101,Sofía Urrutia y Graciela Samper de Bermudez*1966,1966,colectiva,si,expo
ex.102,Antonio Grass Óleo*1966,1966,individual,si,expo
ex.103,Lamiel*1966,1966,individual,si,expo
ex.104,Jaime Mendoza*1966,1966,individual,desconocido,expo
ex.105,Ómar Rayo*1966,1966,individual,desconocido,expo
ex.106,Gerardo Ravassa*1966,1966,individual,desconocido,expo
ex.107,Exposición de pintura infantil*1966,1966,colectiva,desconocido,expo
ex.108,Jan Bartelsman*1966,1966,individual,desconocido,expo
ex.109,Enrique Grau*1966,1966,individual,desconocido,expo
ex.110,Mario Abreu*1966,1966,individual,si,expo
ex.111,Exposición de artesanía*1966,1966,colectiva,desconocido,expo
ex.112,Aurora Brown*1966,1966,individual,desconocido,expo
ex.113,Maria Thereza Negreiros*1967,1967,individual,si,expo
ex.114,Lucy Tejada*1967,1967,individual,si,expo
ex.115,Nereo López*1967,1967,individual,desconocido,expo
ex.116,Alejandro Obregón*1967,1967,individual,si,expo
ex.117,Luis Caballero*1967,1967,individual,si,expo
ex.118,Jan Bartelsman*1967,1967,individual,si,expo
ex.119,Manzur*1967,1967,individual,si,expo
ex.120,Exposición de artesanía*1967,1967,colectiva,si,expo
ex.121,Isabel Cuervo Casabianca*1967,1967,individual,si,expo
ex.122,Mario Gordillo*1968,1968,individual,si,expo
ex.123,Exposición de alumnas de la Academia Martenot*1968,1968,colectiva,desconocido,expo
ex.124,VIII Festival Nacional de Arte - I Salón Austral y Colombiano de Pintura*1968,1968,colectiva,si,expo
ex.125,Irma Constanzo*1967,1967,individual,desconocido,expo
ex.126,Santiago Cárdenas*1968,1968,individual,si,expo
ex.127,León Ricaurte*1968,1968,individual,si,expo
ex.128,Arte Virreinal Americano*1968,1968,colectiva,si,expo
ex.129,Exposición de artesanía*1968,1968,colectiva,desconocido,expo
ex.130,Pintura y Grabado Hoy en Venezuela*1968,1968,colectiva,si,expo
ex.131,María Teresa Vieco*1969,1969,individual,desconocido,expo
ex.132,Édgar Negret*1969,1969,individual,desconocido,expo
ex.133,Lucy Tejada*1969,1969,individual,si,expo
ex.134,Exposición de Álvaro Barrios*1969,1969,individual,desconocido,expo
ex.135,Gianfranco Galante*1969,1969,individual,si,expo
ex.136,Rogelio Polesello y Lya Kaufman*1969,1969,colectiva,si,expo
ex.137,Enrique Grau*1969,1969,individual,si,expo
ex.138,XX Salón de Artistas Nacionales*1969,1969,colectiva,desconocido,expo
ex.139,Exposición de arte gráfico alemán contemporáneo *1969,1969,colectiva,desconocido,expo
ex.140,José Mina*1969,1969,individual,si,expo
ex.141,IX Festival de Arte - Salón de Las Américas de Pintura*1969,1969,colectiva,desconocido,expo
ex.142,IX Festival de Arte - Salón de Las Américas de Dibujo y Grabado*1969,1969,colectiva,desconocido,expo
ex.143,Muestra de pintura infantil*1969,1969,colectiva,desconocido,expo
ex.144,Jan Bartelsman*1969,1969,individual,desconocido,expo
ex.145,Exposición de grabado mexicano*1969,1969,colectiva,desconocido,expo
ex.146,Eduardo McEntyre*1969,1969,individual,si,expo
ex.147,Gustavo Espinosa*1970,1970,individual,si,expo
ex.148,Feliza Burztyn*1970,1970,individual,desconocido,expo
ex.149,Enrique Tábara*1970,1970,individual,si,expo
ex.150,Pedro Alcántara*1970,1970,individual,desconocido,expo
ex.151,El Hombre y sus Pensamientos a través del Arte*1970,1970,colectiva,si,expo
ex.152,David Manzur y Augusto Rivera*1970,1970,colectiva,si,expo
ex.153,Símbolos*1970,1970,individual,si,expo
ex.154,XX Festival de Arte - Exposición Panamericana de Artes Gráficas y Plásticas*1970,1970,colectiva,desconocido,expo
ex.155,Muestra de pintura argentina*1971,1971,colectiva,desconocido,expo
ex.156,Lazid Thame y Clever Machado*1971,1971,colectiva,desconocido,expo
ex.157,Festival Panamericano de Cultura - Brasil*1971,1971,colectiva,si,expo
ex.158,Oswaldo Guayasamín*1971,1971,individual,desconocido,expo
ex.159,21 Obras*1971,1971,colectiva,si,expo
ex.160,Salón de Artistas Vallecaucanos*1971,1971,colectiva,desconocido,expo
ex.161,Exposición de fotografía norteamericana*1971,1971,colectiva,desconocido,expo
ex.162,Exposición de figuras artesanales de santos primitivos y de grabados de Henández Cruz*1971,1971,colectiva,desconocido,expo
ex.163,Exposición de arte ecuatoriano*1971,1971,colectiva,desconocido,expo
ex.164,Cien Años de Soledad y Otros*1971,1971,individual,si,expo
ex.165,I Bienal Americana de Artes Gráficas de Cali*1971,1971,colectiva,desconocido,expo
ex.166,Diez Años de Arte Colombiano*1971,1971,colectiva,si,expo
ex.167,Grabados de Peter Milton*1972,1972,individual,si,expo
ex.168,La Constante Geométrica en la Obra de Ómar Rayo*1972,1972,individual,si,expo
ex.169,"Grabados de Artistas Británicos, 1945-1957*1972",1972,colectiva,si,expo
ex.170,Eduardo Ramírez Villamizar*1972,1972,individual,si,expo
ex.171,Salón de Arte Joven 1972*1972,1972,colectiva,desconocido,expo
ex.172,La Obra Gráfica de Lorenzo Homar*1972,1972,individual,si,expo
ex.173,Juan Antonio Roda*1972,1972,individual,si,expo
ex.174,Grabados Cartón de Colombia*1972,1972,colectiva,si,expo
ex.175,Lazid Thame*1973,1973,individual,desconocido,expo
ex.176,Exposición de Gabrio Tosti Di Valminuta*1973,1973,individual,si,expo
ex.177,Brassai*1973,1973,individual,si,expo
ex.178,Exposición de la serie Laus Pictorum*1973,1973,individual,desconocido,expo
ex.179,Enrique Grau Obra  1962 / 1972*1973,1973,individual,si,expo
ex.180,Exposición de Noe Nojechowiz*1973,1973,individual,si,expo
ex.181,II Bienal Americana de Artes Gráficas de Cali*1973,1973,colectiva,desconocido,expo
ex.182,Exposición-homenaje de los artistas al Museo*1973,1973,colectiva,desconocido,expo
ex.183,Eduardo Lemaitre*1974,1974,individual,desconocido,expo
ex.184,Exposición del Grupo Grabas*1974,1974,colectiva,desconocido,expo
ex.185,Pinturas de Luis Caballero*1974,1974,individual,desconocido,expo
ex.186,Exposición de Rodolfo Abularach*1974,1974,individual,desconocido,expo
ex.187,Imagen 6*1974,1974,colectiva,desconocido,expo
ex.188,Cali a la Vanguardia*1974,1974,colectiva,desconocido,expo
ex.189,Camas*1974,1974,individual,desconocido,expo
ex.190,Exposición de Grabado Latino-americano*1974,1974,colectiva,desconocido,expo
ex.191,Carlos Rojas*1974,1974,individual,si,expo
ex.192,Emilio Sánchez*1974,1974,individual,si,expo
ex.193,Grabados 74 - Serie Internacional*1975,1975,colectiva,desconocido,expo
ex.194,28 Artistas del Brasil*1975,1975,colectiva,desconocido,expo
ex.195,Palabra e Imagen*1975,1975,colectiva,si,expo
ex.196,XXV Salón Nacional de Artes Visuales*1975,1975,colectiva,desconocido,expo
ex.197,Carlos Cruz Diez Obras Sobre el Muro: Graficas e Integración Arquitectónica*1975,1975,individual,si,expo
ex.198,Kipniss*1975,1975,individual,si,expo
ex.199,Exposición Mundial de Prensa*1975,1975,individual,desconocido,expo
ex.200,Mauricio Bueno*1975,1975,individual,si,expo
ex.201,Seis Artistas Colombianos*1975,1975,colectiva,si,expo
ex.202,Exposición de Miguel Torres Méndez*1975,1975,individual,desconocido,expo
ex.203,Serie de Grabados Colección Cartón de Colombia 75*1976,1976,colectiva,desconocido,expo
ex.204,Artistas Gráficos Británicos de la Década del 60*1976,1976,colectiva,si,expo
ex.205,Muestra de arte colombiano de la Colección del Museo de Arte Moderno La Tertulia 1976*1976,1976,colectiva,desconocido,expo
ex.206,Muestra de la Colección de Arte de la Iglesia La Merced*1976,1976,colectiva,desconocido,expo
ex.207,III Bienal Americana de Artes Gráficas de Cali*1976,1976,colectiva,desconocido,expo
ex.208,Publicación: Portafolio de serigrafías*1976,1976,colectiva,desconocido,expo
ex.209,Beatriz González*1976,1976,individual,si,expo
ex.210,Exposición de la Plástica Cubana Actual*1976,1976,colectiva,si,expo
ex.211,Migraciones*1976,1976,colectiva,desconocido,expo
ex.212,Serie de Grabados Colección Cartón de Colombia 76*1977,1977,colectiva,desconocido,expo
ex.213,20 Artistas Jóvenes Suizos*1977,1977,colectiva,si,expo
ex.214,Exposición de Barbara Hepworth*1977,1977,individual,desconocido,expo
ex.215,Seis Artistas Premiados en la III Bienal de Artes Gráficas*1977,1977,colectiva,si,expo
ex.216,II Salón Nacional de Arte Jóven *1977,1977,colectiva,si,expo
ex.217,Colección Banco Cafetero*1977,1977,colectiva,desconocido,expo
ex.218,Exposición de grabado yugo-eslavo*1977,1977,colectiva,desconocido,expo
ex.219,Segundo Portafolio 8 Artistas Latinoamericanos*1977,1977,colectiva,si,expo
ex.220,Muestra de escultura colombiana de la Colección de Museo de Arte Moderno La Tertulia 1977*1977,1977,colectiva,desconocido,expo
ex.221,Luis Camnitzer y Liliana Porter*1978,1978,colectiva,si,expo
ex.222,Gabriel Messil*1978,1978,individual,si,expo
ex.223,Pintura y Escultura Colombiana de los Años 30*1978,1978,colectiva,si,expo
ex.224,Grabadores Norteamericanos*1978,1978,colectiva,si,expo
ex.225,Brecht en las Artes Gráficas de la República Democrática Alemana*1978,1978,colectiva,desconocido,expo
ex.226,El Grabado Norteamericano en la Colección del Museo de Arte Moderno La Tertulia*1978,1978,colectiva,si,expo
ex.227,Acrílicos*1978,1978,colectiva,si,expo
ex.228,Fotografía Colombiana*1978,1978,colectiva,si,expo
ex.229,Richard Smith*1979,1979,individual,si,expo
ex.230,Obregon*1979,1979,individual,si,expo
ex.231,Exposición conmemorativa de los 23 años de vida del Museo de Arte Moderno La Tertulia*1979,1979,colectiva,desconocido,expo
ex.232,Helen Frankenthaler*1979,1979,individual,si,expo
ex.233,"Ever Astudillo, Fernell Franco, Óscar Muñoz*1979",1979,colectiva,si,expo
ex.234,Baila Mécanica*1979,1979,individual,si,expo
ex.235,Oleos litografías Robert Kipniss*1980,1980,individual,si,expo
ex.236,La Mujer En Las Artes Visuales*1980,1980,colectiva,si,expo
ex.237,Arte de los 80*1980,1980,colectiva,desconocido,expo
ex.238,Fotografías Francois Dolmetsch*1980,1980,individual,si,expo
ex.239,Juan Camilo Uribe Telescopios y Álvaro Barrios Sueños con Marcel Duchamp*1980,1980,colectiva,si,expo
ex.240,1960–1980 Alcántara*1980,1980,individual,si,expo
ex.241,Serie Amazónica*1980,1980,individual,si,expo
ex.242,María de la Paz Jaramillo y Óscar Jaramillo*1980,1980,colectiva,si,expo
ex.243,IV Bienal Americana de Artes Gráficas*1981,1981,colectiva,si,expo
ex.244,Jónier Marín*1981,1981,individual,si,expo
ex.245,Exposición Mail-art*1981,1981,colectiva,desconocido,expo
ex.246,Decoración de Interiores*1981,1981,individual,desconocido,expo
ex.247,Manuel Hernández*1981,1981,individual,si,expo
ex.248,Primera Expomarca Latinoamericana*1982,1982,colectiva,si,expo
ex.249,La Tauromaquia*1982,1982,individual,desconocido,expo
ex.250,Artistas Modernos como Ilustradores*1982,1982,colectiva,desconocido,expo
ex.251,Los Caminos del Bien y del Mal*1982,1982,individual,si,expo
ex.252,Exposición de Pablo Obelar*1982,1982,individual,desconocido,expo
ex.253,Santiago Cárdenas*1982,1982,individual,si,expo
ex.254,Emilio Sánchez*1982,1982,individual,desconocido,expo
ex.255,Consagrados Maestros Jóvenes*1982,1982,colectiva,si,expo
ex.256,Yutaka Toyota*1982,1982,individual,si,expo
ex.257,Alexis Gorodine*1982,1982,individual,si,expo
ex.258,Gráfica Contemporanea de la Republica Democrática Alemana*1982,1982,colectiva,si,expo
ex.259,Muestra de arte figurativo latino-americano*1982,1982,colectiva,desconocido,expo
ex.260,Delia Cugat*1982,1982,individual,si,expo
ex.261,Exposición de Fernando de Szyszlo*1983,1983,individual,desconocido,expo
ex.262,Actitudes Plurales*1983,1983,colectiva,si,expo
ex.263,Geometría e Ilusión*1983,1983,colectiva,desconocido,expo
ex.264,Exposición de Bruno Bruni*1983,1983,individual,desconocido,expo
ex.265,Seis Maestros Cubanos*1983,1983,colectiva,si,expo
ex.266,Kunito Nagaoka*1983,1983,individual,si,expo
ex.267,Carmen Aldunate*1983,1983,individual,si,expo
ex.268,Sergio Camporeale*1983,1983,individual,desconocido,expo
ex.269,Fotografismo*1983,1983,individual,si,expo
ex.270,Muestra de arte gráfico mexicano de la Colección del Museo de Arte Moderno La Tertulia*1983,1983,colectiva,desconocido,expo
ex.271,Muestra de realismo colombiano de la Colección del Museo de Arte Moderno La Tertulia*1983,1983,colectiva,desconocido,expo
ex.272,Muestra de arte colombiano de la Colección del Museo de Arte Moderno La Tertulia 1983*1983,1983,colectiva,desconocido,expo
ex.273,Dibujos de Ficciones*1983,1983,individual,desconocido,expo
ex.274,Antonio Barrera *1983,1983,individual,si,expo
ex.275,José Hernández*1983,1983,individual,si,expo
ex.276,Doce Artistas Gráficos del Brasil*1983,1983,colectiva,si,expo
ex.277,Liliana Porter *1983,1983,individual,si,expo
ex.278,Bienal de Arquitectura*1983,1983,colectiva,desconocido,expo
ex.279,Rogelio Polesello*1983,1983,individual,si,expo
ex.280,Emma Reyes*1983,1983,individual,desconocido,expo
ex.281,Mario Gordillo*1984,1984,individual,desconocido,expo
ex.282,Muestra de arte gráfico norte-americano de la Colección del Museo de Arte Moderno La Tertulia 1984*1984,1984,colectiva,si,expo
ex.283,1er. Salón OP de Diseño Gráfico*1984,1984,colectiva,si,expo
ex.284,"Bachs, carteles cinematográficos*1984",1984,individual,desconocido,expo
ex.285,Muestra de pintura latino-americana de la Colección del Museo de Arte Moderno La Tertulia 1984*1984,1984,colectiva,desconocido,expo
ex.286,Exposición de Marta Minujin*1984,1984,individual,si,expo
ex.287,Audivert*1984,1984,individual,si,expo
ex.288,Este Petróleo me Pertenece*1984,1984,individual,si,expo
ex.289,John Grillo*1984,1984,individual,si,expo
ex.290,Roser Bru y Eugenio Dittborn*1984,1984,colectiva,si,expo
ex.291,"Pedro Alcántara, Óscar Muñoz y Guilermo Vélez*1984",1984,colectiva,desconocido,expo
ex.292,Cruz Diez*1984,1984,individual,si,expo
ex.293,Joyas-sorpresa: el Uso de Materiales Alternativos en la Joyería Norte-americana*1984,1984,colectiva,desconocido,expo
ex.294,Acuarelistas Colombianos*1984,1984,colectiva,si,expo
ex.295,Tiempo de Dibujar*1984,1984,colectiva,desconocido,expo
ex.296,Portafolio-homenaje a Pablo Neruda*1984,1984,colectiva,desconocido,expo
ex.297,Aspectos de lo Tridimensional en el Arte Colombiano*1984,1984,colectiva,si,expo
ex.298,Muestra retrospectiva de Artes Gráficas Panamericanas/AGPA *1984,1984,colectiva,desconocido,expo
ex.299,Margarita Lozano*1984,1984,individual,si,expo
ex.300,Exposición de Édgar Negret 1985-1*1985,1985,individual,si,expo
ex.301,Exposición de Édgar Negret 1985-2*1985,1985,individual,si,expo
ex.302,Muestra de pintura y escultura latino-americana de la Colección del Museo de Arte Moderno La Tertulia 1985*1985,1985,colectiva,desconocido,expo
ex.303,Teyé*1985,1985,individual,si,expo
ex.304,Exposición de Débora Arango 1985*1985,1985,individual,desconocido,expo
ex.305,La Nación: Los Judíos Españoles y Portugueses en la Zona del Caribe*1985,1985,colectiva,desconocido,expo
ex.306,Alicia Viteri*1985,1985,individual,si,expo
ex.307,Historia Abierta del Arte Colombiano*1985,1985,colectiva,desconocido,expo
ex.308,Pedro Alcántara *1985,1985,individual,si,expo
ex.309,Exposición de grabado norteamericano*1985,1985,colectiva,desconocido,expo
ex.310,Exposición de arte americano*1985,1985,colectiva,desconocido,expo
ex.311,Exposición de Francisco Rocca-Lynn*1985,1985,individual,si,expo
ex.312,Salón de Arte Joven - Medalla Martha Traba*1985,1985,colectiva,desconocido,expo
ex.313,La Cámara Lúcida*1985,1985,colectiva,desconocido,expo
ex.314,A Cali*1985,1985,individual,si,expo
ex.315,Oscar Muñoz Serie pinturas de agua*1985,1985,individual,si,expo
ex.316,Muestra de la subasta de antigüedades del Museo de Arte Moderno La Tertulia*1985,1985,colectiva,desconocido,expo
ex.317,Homenaje de Propal a su Ciudad*1985,1985,colectiva,desconocido,expo
ex.318,Carpeta de Grabados de Cartón de Colombia S.A. *1985,1985,colectiva,desconocido,expo
ex.319,El Arte Descubre un Mundo*1986,1986,individual,desconocido,expo
ex.320,Otto Moll González Antología Fotográfica 1939 –1968*1986,1986,individual,si,expo
ex.321,Exposición de arte gráfico latinoamericano*1986,1986,colectiva,desconocido,expo
ex.322,Rodolfo Vélez*1986,1986,individual,si,expo
ex.323,Recuerdos de Machu Picchu*1986,1986,individual,desconocido,expo
ex.324,Eduardo Ramírez Villamizar*1986,1986,individual,si,expo
ex.325,Diego Arango Arango*1986,1986,individual,si,expo
ex.326,Exposición didáctica de Arcangelo Ianelli*1986,1986,individual,desconocido,expo
ex.327,Mónica Meira*1986,1986,individual,si,expo
ex.328,Exposición de Arcangelo Ianelli*1986,1986,individual,desconocido,expo
ex.329,María Cristina Cortés*1986,1986,individual,si,expo
ex.330,Muestra de 100 obras de la Colección del Museo de Arte Moderno La Tertulia*1986,1986,colectiva,desconocido,expo
ex.331,Arte sobre Tela*1986,1986,colectiva,si,expo
ex.332,V Bienal Americana de Artes Gráficas de Cali*1986,1986,colectiva,desconocido,expo
ex.333,Muestra de grabado de la Colección del Banco de Occidente*1987,1987,colectiva,desconocido,expo
ex.334,Flor María Bouhot*1987,1987,individual,si,expo
ex.335,Muestra de adquisiciones del Museo de Arte Moderno La Terulia del año 1986*1987,1987,colectiva,desconocido,expo
ex.336,José Luis Fajardo*1987,1987,individual,si,expo
ex.337,Sergio Camporeale*1987,1987,individual,si,expo
ex.338,Alejandro Obregón*1987,1987,individual,desconocido,expo
ex.339,Liliana Porter*1987,1987,individual,si,expo
ex.340,Andrés de Santamaría*1987,1987,individual,si,expo
ex.341,Frente Fotográfico Femenino*1987,1987,colectiva,desconocido,expo
ex.342,Luis Caballero Acuarelas y Dibujos*1987,1987,individual,si,expo
ex.343,Darío Jiménez Exposición antológica 1938 – 1980*1987,1987,individual,si,expo
ex.344,Muestra de arte tridimensional de la Colección del Museo de Arte Moderno La Tertulia 1987*1987,1987,colectiva,desconocido,expo
ex.345,Gustavo Zalamea *1987,1987,individual,si,expo
ex.346,Exposición de Delia Cugat 1987*1987,1987,individual,desconocido,expo
ex.347,Vivian Monsalve*1987,1987,individual,si,expo
ex.348,Enrique Sánchez*1987,1987,individual,si,expo
ex.349,4 Maestros Latinoamericanos*1987,1987,colectiva,si,expo
ex.350,Alberto Lenis Burckhardt*1987,1987,individual,si,expo
ex.351,Antonio Barrera *1987,1987,individual,si,expo
ex.352,Ossaba*1988,1988,individual,si,expo
ex.353,XIII Portafolio de Grabados Cartón de Colombia/AGPA*1987,1987,colectiva,desconocido,expo
ex.354,Muestra de pintura y escultura latino-americana de la Colección del Museo de Arte Moderno La Tertulia 1988*1988,1988,colectiva,desconocido,expo
ex.355,Muestra de grabado americano de la Colección del Museo de Arte Moderno La Tertulia*1988,1988,colectiva,desconocido,expo
ex.356,Lydia Azout*1988,1988,individual,desconocido,expo
ex.357,Ever Astudillo*1988,1988,individual,desconocido,expo
ex.358,Maria Thereza Negreiros*1988,1988,individual,desconocido,expo
ex.359,Grabado Yugoslavo Contemporáneo*1988,1988,colectiva,desconocido,expo
ex.360,Una Interpretación de Caravaggio*1988,1988,individual,desconocido,expo
ex.361,Exposición de Efraim Martínez*1988,1988,individual,desconocido,expo
ex.362,Ocho Artistas Colombianos en la Colección del Museo*1988,1988,colectiva,desconocido,expo
ex.363,Ana María Rueda*1988,1988,individual,desconocido,expo
ex.364,Gráfica Erótica de Pablo Picasso*1988,1988,individual,desconocido,expo
ex.365,Muestra de carteles cinematográficos de la Colección de la Cinemateca La Tertulia 1988*1988,1988,colectiva,desconocido,expo
ex.366,Hilda Crovo Pinturas*1988,1988,individual,si,expo
ex.367,"Exposición de ilustraciones, diseño estructural y gráfico y fotografias del libro Los Cuentos de mi Abuelo el Coronel de Gabriel García Márquez*1988",1988,colectiva,desconocido,expo
ex.368,Exposición de carteles de artistas españoles contemporáneos*1988,1988,colectiva,desconocido,expo
ex.369,De la Edad de Piedra a los Computadores*1988,1988,individual,desconocido,expo
ex.370,Jan Bartelsman*1988,1988,individual,si,expo
ex.371,Juan Antonio Roda*1988,1988,individual,si,expo
ex.372,Diez Artistas Chilenos*1988,1988,colectiva,si,expo
ex.373,Daniel Zelaya*1988,1988,individual,desconocido,expo
ex.374,Hernando Hoyos Pinturas*1988,1988,individual,si,expo
ex.375,Roberto Angulo*1988,1988,individual,desconocido,expo
ex.376,Artistas Alemanes en America Latina: Pintores y Naturalista del Siglo XIX*1988,1988,colectiva,desconocido,expo
ex.377,XIV Portafolio de Grabados Cartón de Colombia/AGPA*1988,1988,colectiva,desconocido,expo
ex.378,Muestra de la Colección de Arte de Suramericana de Seguros*1988,1988,colectiva,desconocido,expo
ex.379,Galápagos*1988,1988,individual,si,expo
ex.380,Gloria Duncan y Ronald Duncan*1989,1989,colectiva,si,expo
ex.381,Fotografías y su Relación*1989,1989,colectiva,si,expo
ex.382,Tres Artistas de Puerto Rico*1989,1989,colectiva,si,expo
ex.383,Gráfica OP 89 Duque Se Expone*1989,1989,individual,si,expo
ex.384,Patricia Tavera Pinturas*1989,1989,individual,si,expo
ex.385,Paganos y Piadosos*1989,1989,individual,si,expo
ex.386,Cinco Pintores Abstractos*1989,1989,colectiva,si,expo
ex.387,Muestra de pintura latinoamericana de la Colección del Museo de Arte Moderno La Tertulia 1989*1989,1989,colectiva,desconocido,expo
ex.388,Karen Lamassonne Pinturas*1989,1989,individual,si,expo
ex.389,Exposición de ilustraciones del libro El Beso de Dios*1989,1989,individual,desconocido,expo
ex.390,Ignacio Gomez Jaramillo 1910-1970*1989,1989,individual,si,expo
ex.391,Leo Matiz 50 Años de Fotografía*1989,1989,individual,si,expo
ex.392,Exposición de Becky Mayer*1989,1989,individual,si,expo
ex.393,Homenaje a Adalbert Meindl*1989,1989,colectiva,si,expo
ex.394,Pinturas Tridimesionales*1989,1989,individual,si,expo
ex.395,Muestra de pintura abstracta latinoamericana de la Colección del Museo de Arte Moderno La Tertulia*1989,1989,colectiva,desconocido,expo
ex.396,Blanco y Negro sobre Papel*1989,1989,colectiva,desconocido,expo
ex.397,Eduardo Audivert y Daniel Zelaya*1989,1989,colectiva,desconocido,expo
ex.398,Imágenes e Ideas*1989,1989,colectiva,desconocido,expo
ex.399,Pinturas*1989,1989,individual,si,expo
ex.400,Rafael Echeverri Pinturas y Consuelo Gómez Esculturas*1989,1989,colectiva,si,expo
ex.401,Patricio Reig Isaacs Pinturas*1989,1989,individual,si,expo
ex.402,Ex-libris o el Arte de Identificar sus Libros*1989,1989,colectiva,si,expo
ex.403,Muestra de arte gráfico latino-americano de la Colección del Museo de Arte Moderno La Tertulia 1989*1989,1989,colectiva,desconocido,expo
ex.404,II Salón de Arte Joven - Medalla Marta Traba 1989*1989,1989,colectiva,si,expo
ex.405,VI Portafolio Smurfit Cartón de Colombia S.A. - AGPA*1989,1989,colectiva,desconocido,expo
ex.406,Laignelet*1990,1990,individual,si,expo
ex.407,Cristina Llano *1990,1990,individual,si,expo
ex.408,Exposición de Ediciones Felipe Domínguez Zamorano*1990,1990,colectiva,desconocido,expo
ex.409,Constanza Aguirre*1990,1990,individual,desconocido,expo
ex.410,Carlos Rojas*1990,1990,individual,desconocido,expo
ex.411,Muestra de arte gráfico europeo de la Colección del Museo de Arte Moderno La Tertulia*1990,1990,colectiva,desconocido,expo
ex.412,Alberto Arboleda*1990,1990,individual,si,expo
ex.413,Luz de la Cueva de los Sueños*1990,1990,individual,si,expo
ex.414,"Paisaje, Bodegón, Ciudad*1990",1990,individual,desconocido,expo
ex.415,Exposición de Francisco de la Puente*1990,1990,individual,si,expo
ex.416,Muestra de adquisiciones del Museo de Arte Moderno La Tertulia de los años 80*1990,1990,colectiva,desconocido,expo
ex.417,Luis Caballero*1990,1990,individual,si,expo
ex.418,Bibiana Vélez*1990,1990,individual,si,expo
ex.419,Tres Escultores Colombianos *1990,1990,colectiva,si,expo
ex.420,Puertos*1990,1990,individual,si,expo
ex.421,Muestra de arte tridimensional latinoamericano de la Colección del Museo de Arte Moderno La Tertulia 1990*1990,1990,colectiva,desconocido,expo
ex.422,Superficies al Carbón*1990,1990,individual,desconocido,expo
ex.423,Exposición de arte cubano 1990*1990,1990,colectiva,desconocido,expo
ex.424,Bodegones*1990,1990,colectiva,desconocido,expo
ex.425,De Amores y Amantes*1991,1991,individual,desconocido,expo
ex.426,Ocho Nuevos Artistas de Cali*1991,1991,colectiva,si,expo
ex.427,Artistas de Buenos Aires*1991,1991,colectiva,si,expo
ex.428,Doce Escultores Colombianos: Pequeño Formato*1991,1991,colectiva,si,expo
ex.429,Exposición de Liliana Porter 1991*1991,1991,individual,si,expo
ex.430,Fibers: Arte Textil Colombiano y de Estados Unidos*1991,1991,colectiva,desconocido,expo
ex.431,Exposición de nueva pintura bolivariana*1991,1991,colectiva,si,expo
ex.432,Proyecto 500*1991,1991,individual,desconocido,expo
ex.433,Grabados Populares del Nordeste Brasileño*1991,1991,colectiva,desconocido,expo
ex.434,Exposición de Paige Abadi*1991,1991,individual,si,expo
ex.435,Fotógrafos Suizos desde 1840 hasta Nuestros Días*1991,1991,colectiva,desconocido,expo
ex.436,Muestra de arte gráfico norte-americano y escultura latino-americana de la Colección del Museo de Arte Moderno La Tertulia*1991,1991,colectiva,desconocido,expo
ex.437,Joyería Contemporánea Colombiana*1991,1991,colectiva,si,expo
ex.438,Alberto Sojo*1991,1991,individual,si,expo
ex.439,Hernando Ordoñez*1991,1991,individual,si,expo
ex.440,"German Londoño, Pinturas Recienbres*1991",1991,individual,si,expo
ex.441,Exposición-homenaje a Enrique Grau*1991,1991,individual,desconocido,expo
ex.442,Trece Artistas Colombianos - Pequeño Formato*1991,1991,colectiva,desconocido,expo
ex.443,Exposición-celebración de los 35 años de vida del Museo de Arte Moderno La Tertulia*1991,1991,colectiva,desconocido,expo
ex.444,Ricardo Gómez Campuzano*1992,1992,individual,si,expo
ex.445,Exposición de Luis Luna*1992,1992,individual,si,expo
ex.446,Utopía*1992,1992,colectiva,desconocido,expo
ex.447,Germán Botero*1992,1992,individual,si,expo
ex.448,Lago y Sáenz Arquitectos*1992,1992,colectiva,si,expo
ex.449,Jorge Julián Aristizábal*1992,1992,individual,si,expo
ex.450,Diario de Viaje II*1992,1992,individual,si,expo
ex.451,Diez Maestros Colombianos*1992,1992,colectiva,desconocido,expo
ex.452,Ciudad*1992,1992,individual,si,expo
ex.453,Muestra de arte latino-americano de la Colección de Museo de Arte Moderno La Tertulia*1992,1992,colectiva,desconocido,expo
ex.454,Fotografía Brasileña: Historia y Contemporaneidad*1992,1992,colectiva,si,expo
ex.455,Werner Bischof*1992,1992,individual,desconocido,expo
ex.456,Tuberculosis - SIDA: Un Diario*1992,1992,individual,si,expo
ex.457,Ruven Afanador*1992,1992,individual,si,expo
ex.458,José Antonio Suárez Londoño*1992,1992,individual,desconocido,expo
ex.459,Muestra de pintura colombiana de la Colección del Museo de Arte Moderno La Tertulia 1992*1992,1992,colectiva,desconocido,expo
ex.460,María Cristina Cortés*1992,1992,individual,desconocido,expo
ex.461,Delia Cugat y Sergio Camporeale*1992,1992,colectiva,desconocido,expo
ex.462,Tina Celis*1993,1993,individual,si,expo
ex.463,Muestra de arte tridimensional latino-americano de la Colección del Museo de Arte Moderno La Tertulia 1993*1993,1993,colectiva,desconocido,expo
ex.464,Exposición de litografías del Instituto Tamarind*1993,1993,colectiva,desconocido,expo
ex.465,Emma Reyes Máscaras*1993,1993,individual,si,expo
ex.466,Llamados de la Tierra: Earth Calls*1993,1993,individual,desconocido,expo
ex.467,Muestra de arte gráfico latino-americano de la Colección del Museo de Arte Moderno La Tertulia 1993*1993,1993,colectiva,desconocido,expo
ex.468,Pulsiones*1993,1993,colectiva,si,expo
ex.469,Nadín Ospina*1993,1993,individual,si,expo
ex.470,Muestra de arte venezolano*1993,1993,colectiva,desconocido,expo
ex.471,Vicky Neuman*1993,1993,individual,desconocido,expo
ex.472,Muestra de arte cubano de la Colección del Museo de Arte Moderno La Tertulia*1993,1993,colectiva,desconocido,expo
ex.473,Muestra de pintura colombiana de la Colección del Museo de Arte Moderno La Tertulia 1993*1993,1993,colectiva,desconocido,expo
ex.474,Exposición de nueva arquitectura colombiana*1993,1993,colectiva,desconocido,expo
ex.475,Fernando Martínez Sanabria*1993,1993,individual,desconocido,expo
ex.476,Catalina Mejía*1993,1993,individual,desconocido,expo
ex.477,Beatriz Duque pinturas*1993,1993,individual,si,expo
ex.478,Homenaje a Marta Traba*1993,1993,colectiva,si,expo
ex.479,Luis Roldán pinturas*1993,1993,individual,si,expo
ex.480,Flora y Magia*1993,1993,individual,si,expo
ex.481,Ocho Artistas de Cali*1994,1994,colectiva,si,expo
ex.482,Tierra de nadie*1994,1994,individual,si,expo
ex.483,Cuatro Pintores de Cartagena*1994,1994,colectiva,si,expo
ex.484,Arquitectura del Ferrocarril del Pacífico*1994,1994,colectiva,si,expo
ex.485,Exposición de careteles cinematográficos británicos de los años 80*1994,1994,colectiva,desconocido,expo
ex.486,Muestra de nuevas adquisiciones del Museo de Arte Moderno La Tertulia 1994*1994,1994,colectiva,desconocido,expo
ex.487,Bernardo Salcedo Objetos*1994,1994,individual,si,expo
ex.488,Exposición de Carlos Jacanamijoy Tisoy*1994,1994,individual,desconocido,expo
ex.489,Exposición de Luis Fernando Escobar*1994,1994,individual,si,expo
ex.490,Jan Bartelsman retrospectiva*1994,1994,individual,desconocido,expo
ex.491,Muestra de maestros colombianos de la Colección de Arte Moderno La Tertulia*1994,1994,colectiva,si,expo
ex.492,"Gabriel Silva pinturas, dibujos y objetos*1994",1994,individual,si,expo
ex.493,Revelaciones*1994,1994,colectiva,si,expo
ex.494,"Jim Amaral, esculturas*1994",1994,individual,si,expo
ex.495,Rafael Ortiz premio pintura Edmon Cobo*1994,1994,individual,si,expo
ex.496,Elías Heim*1994,1994,individual,si,expo
ex.497,Muestra de escultura colombiana de la Colección del Museo de Arte Moderno La Tertulia 1994*1994,1994,colectiva,desconocido,expo
ex.498,Acuáticas*1995,1995,individual,si,expo
ex.499,Simón Rodríguez*1995,1995,individual,si,expo
ex.500,Muestra de carteles cinematográficos de la Colección de la Cinemateca La Tertulia 1995*1995,1995,colectiva,desconocido,expo
ex.501,Arte y Tiempo*1995,1995,colectiva,si,expo
ex.502,El Color de la Muerte*1995,1995,individual,desconocido,expo
ex.503,Abecedario Mágico*1995,1995,individual,si,expo
ex.504,Muestra de fotografías y carteles cinematográficos de la Colección de la Cinemateca La Tertulia*1995,1995,colectiva,desconocido,expo
ex.505,Comportamiento del Paisaje*1995,1995,colectiva,si,expo
ex.506,Punto de Apoyo: La Nueva Narrativa en la Plástica Contemporánea Colombiana*1995,1995,colectiva,si,expo
ex.507,Miguel Ángel Reyes*1995,1995,individual,si,expo
ex.508,Gregorio Cuartas*1995,1995,individual,desconocido,expo
ex.509,Muestra de arte colombiano de la Colección del Museo de Arte Moderno La Tertulia 1995*1995,1995,colectiva,desconocido,expo
ex.510,Gerardo Rueda*1995,1995,individual,desconocido,expo
ex.511,La Suite Madrileña*1995,1995,individual,si,expo
ex.512,Muestra de maestros mexicanos en la Colección del Museo de Arte Moderno La Tertulia*1995,1995,colectiva,desconocido,expo
ex.513,Teresa Cuéllar*1995,1995,individual,desconocido,expo
ex.514,Narcisos*1995,1995,individual,si,expo
ex.515,"Salvador Dalí, Roberto Sebastían Matta, obra grafica*1995",1995,colectiva,si,expo
ex.516,Muestra retrospectiva del Almanaque PROPAL*1995,1995,colectiva,desconocido,expo
ex.517,Muestra de pintura colombiana de la Colección del Museo de Arte Moderno La Tertulia 1995*1995,1995,colectiva,desconocido,expo
ex.518,Imaginario*1996,1996,colectiva,si,expo
ex.519,Las Mariamulatas y las Galápagos*1996,1996,individual,si,expo
ex.520,Carlos Rojas*1996,1996,individual,si,expo
ex.521,Hernando Tejada 1*1996,1996,individual,desconocido,expo
ex.522,Muestra de arte tridimencional de la Colección del Museo de Arte Moderno La Tertulia 1996*1996,1996,colectiva,desconocido,expo
ex.523,José Horacio Martínez*1996,1996,individual,si,expo
ex.524,Hernando Tejada 2*1996,1996,individual,desconocido,expo
ex.525,Natalia Restrepo*1996,1996,individual,si,expo
ex.526,Muestra de pintura colombiana de la Colección del Museo de Arte Moderno La Tertulia 1996*1996,1996,colectiva,desconocido,expo
ex.527,Gustavo Zalamea*1996,1996,individual,si,expo
ex.528,Muestra de fotografia de la Colección del Museo de Arte Moderno La Tertulia 1996*1996,1996,colectiva,desconocido,expo
ex.529,Cuerpo Representado*1996,1996,colectiva,desconocido,expo
ex.530,Alegoria y Reflexión*1996,1996,colectiva,desconocido,expo
ex.531,Exposición de Gustavo Zalamea 1996*1996,1996,individual,desconocido,expo
ex.532,Muestra de fotografía de la Colección del Museo de Arte Moderno La Tertulia 1996*1996,1996,colectiva,desconocido,expo
ex.533,Exposición de Pablo Van Wong 1996*1996,1996,individual,si,expo
ex.534,Objetos Creativos*1996,1996,colectiva,si,expo
ex.535,Muestra de pintura latino-americana de la Colección del Museo de Arte Moderno La Tertulia 1996*1996,1996,colectiva,desconocido,expo
ex.536,Estelas y Paisajes*1997,1997,individual,si,expo
ex.537,Visiones Latinoamericanas*1997,1997,colectiva,si,expo
ex.538,Los Cincuenta Caminos de la Vida*1997,1997,individual,si,expo
ex.539,Tres Maestros Mexicanos*1997,1997,colectiva,si,expo
ex.540,Muestra de arte gráfico norte-americano de la Colección del Museo de Arte Moderno La Tertulia 1997*1997,1997,colectiva,desconocido,expo
ex.541,Imaginación y Fantasía*1997,1997,colectiva,si,expo
ex.542,Exposición de obra seriada*1997,1997,colectiva,si,expo
ex.543,Muestra de nuevas adquisiciones del Museo de Arte Moderno La Tertulia 1997*1997,1997,colectiva,desconocido,expo
ex.544,Rey Tattoo*1997,1997,individual,si,expo
ex.545,Quédese Quieto*1997,1997,individual,desconocido,expo
ex.546,Retratos de Ciudad*1997,1997,individual,si,expo
ex.547,Muestra de pintura y escultura colombiana de la Colección del Museo de Arte Moderno La Tertulia*1997,1997,colectiva,desconocido,expo
ex.548,VIII Salón Regional de Artes Visuales*1997,1997,colectiva,si,expo
ex.549,Amazónica*1997,1997,individual,desconocido,expo
ex.550,Caldos de Cultivo*1997,1997,individual,si,expo
ex.551,Las Estrellas en el Trópico*1998,1998,individual,desconocido,expo
ex.552,"Carlos Andrade, pinturas, cajas de luces y monotipos*1998",1998,individual,si,expo
ex.553,Grabados y Dibujos*1998,1998,individual,si,expo
ex.554,"Rojo sobre Rojo. Johnnie Walker en las artes, Programa anual Johnnie Walker Red Label 1997 - 1998*1998",1998,colectiva,si,expo
ex.555,"Cristina Llano, pinturas y dibujos*1998",1998,individual,si,expo
ex.556,Vida sin Razón de los Fantasmas*1998,1998,individual,desconocido,expo
ex.557,El Último Vehículo*1998,1998,individual,si,expo
ex.558,Exposición-homenaje a Jan Bartelsman y Hernando Tejada*1998,1998,colectiva,si,expo
ex.559,Muestra de arte tridimensional latino-americano de la Colección del Museo de Arte Moderno La Tertulia 1998*1998,1998,colectiva,desconocido,expo
ex.560,"Muestra de artes boliviano, ecuatoriano y peruano de la Colección del Museo de Arte Moderno La Tertulia *1998",1998,colectiva,desconocido,expo
ex.561,"Cuatro Objetivos, Cuatro Miradas*1998",1998,colectiva,si,expo
ex.562,Luis Caballero*1998,1998,individual,desconocido,expo
ex.563,En la Punta de la Lengua*1998,1998,individual,si,expo
ex.564,Ana Claudia Múnera*1998,1998,individual,si,expo
ex.565,Exposición de pintura en gran formato*1998,1998,colectiva,desconocido,expo
ex.566,Carlos Salas Silva*1998,1998,individual,si,expo
ex.567,"""Retrospectiva""*1998",1998,individual,si,expo
ex.568,Muestra de dibujo latino-americano de la Colección del Museo de Arte Moderno La Tertulia*1998,1998,colectiva,desconocido,expo
ex.569,Bienal de Fotografia*1999,1999,colectiva,desconocido,expo
ex.570,Dibujos*1999,1999,individual,si,expo
ex.571,Brasil*1999,1999,colectiva,si,expo
ex.572,El Sueño*1999,1999,individual,si,expo
ex.573,Maria Clara Piñeyro Pinturas - Muebles*1999,1999,individual,si,expo
ex.574,Guardianes de la Tierra*1999,1999,individual,si,expo
ex.575,Pluridimensional: 20 Artistas Colombianos en la Colección del Museo de Arte Moderno La Tertulia*1999,1999,colectiva,si,expo
ex.576,Manglares*1999,1999,individual,si,expo
ex.577,Negret*1999,1999,individual,si,expo
ex.578,Excéntricas pero Nunca Mienten *1999,1999,individual,si,expo
ex.579,Intentos*1999,1999,individual,si,expo
ex.580,Elías Heim*1999,1999,individual,si,expo
ex.581,III Festival de Performance*1999,1999,colectiva,desconocido,expo
ex.582,Cadenas Alimenticias*1999,1999,individual,si,expo
ex.583,"La Gloria, la Corte y el Mundo*2000",2000,individual,si,expo
ex.584,"De Ninfas Tropicales, Variaciones*2000",2000,individual,si,expo
ex.585,Sobre la Muerte*2000,2000,colectiva,si,expo
ex.586,Exposición-homenaje a Leonel Góngora*2000,2000,individual,si,expo
ex.587,Exposición de los Premios de los Salones Nacionales (1940-1998)*2000,2000,colectiva,desconocido,expo
ex.588,Beatriz González *2000,2000,individual,si,expo
ex.589,Wols*2000,2000,individual,si,expo
ex.590,De-lineamientos*2000,2000,colectiva,si,expo
ex.591,20 Pintores Latino-americanos*2000,2000,colectiva,desconocido,expo
ex.592,Espacios Entretejidos: Arte-moda y Vestido*2000,2000,colectiva,desconocido,expo
ex.593,Pinturas recientes*2000,2000,individual,si,expo
ex.594,Bestiario*2000,2000,colectiva,si,expo
ex.595,Exposición de tapicería persa*2000,2000,colectiva,desconocido,expo
ex.596,Ana Velasco Ficciones Retinianas*2000,2000,individual,si,expo
ex.597,Enrique Grau*2000,2000,individual,si,expo
ex.598,Muestra de maestros latino-americanos de la Colección del Museo de Arte Moderno La Tertulia 2001*2001,2001,colectiva,desconocido,expo
ex.599,Édgar Negret*2001,2001,individual,desconocido,expo
ex.600,Salón Atma de Fotografía*2001,2001,colectiva,desconocido,expo
ex.601,Secuencias de Estudio*2001,2001,individual,si,expo
ex.602,Testigos Silenciosos*2001,2001,individual,si,expo
ex.603,Exposición de tapicería persa*2001,2001,colectiva,desconocido,expo
ex.604,Exposición de Horst Janssen*2001,2001,individual,si,expo
ex.605,IV Festival de Performance*2001,2001,colectiva,desconocido,expo
ex.606,Retratos y Autorretratos*2001,2001,colectiva,si,expo
ex.607,Muestra de arte tridimensional latino-americano de la Colección del Museo de Arte Moderno La Tertulia 2001*2001,2001,colectiva,desconocido,expo
ex.608,Muestra de pintura y escultura latino-americana de la Colección del Museo de Arte Moderno La Tertulia 2001*2001,2001,colectiva,desconocido,expo
ex.609,Pablo Van Wong*2001,2001,individual,si,expo
ex.610,Amazonas-Putumayo: Los Colores de la Biodiversidad*2001,2001,colectiva,si,expo
ex.611,Movilización: El diseño para reunir*2001,2001,colectiva,si,expo
ex.612,Rosemberg Sandoval*2001,2001,individual,si,expo
ex.613,Débora Arango*2001,2001,individual,desconocido,expo
ex.614,Exposición de tapiceria persa y kilims*2001,2001,colectiva,desconocido,expo
ex.615,Dominique Mazeaud*2001,2001,individual,desconocido,expo
ex.616,Amor y Erotismo*2001,2001,colectiva,desconocido,expo
ex.617,Imágenes Succionantes/Paisajes Intervenidos*2001,2001,individual,si,expo
ex.618,Arquitectura de la Memoria*2002,2002,individual,si,expo
ex.619,Muestra de arte tridimensional latinoamericano de la Colección del Museo de Arte Moderno La Tertulia 2002*2002,2002,colectiva,desconocido,expo
ex.620,Frida Khalo y Diego Rivera: Una Sonrisa a Mitad del Camino*2002,2002,colectiva,desconocido,expo
ex.621,Texto y Textualidad*2002,2002,colectiva,si,expo
ex.622,Muestra de arte colombiano de la Colección del Museo de Arte Moderno La Tertulia 2002*2002,2002,colectiva,desconocido,expo
ex.623,Naturaleza y Paisaje*2002,2002,colectiva,si,expo
ex.624,Jan Bartelsman*2002,2002,individual,desconocido,expo
ex.625,Exposición de carteles cinematográficos alemanes*2002,2002,colectiva,desconocido,expo
ex.626,V Festival de Performance*2002,2002,colectiva,desconocido,expo
ex.627,Paisaje de la Movilidad: Muestra de Arquitectura Contemporánea Francesa*2002,2002,colectiva,desconocido,expo
ex.628,Distancia y Proximidad*2002,2002,colectiva,si,expo
ex.629,Exposición de arte colonial de la Capilla de San Juan Bautista de Bohío Toro*2002,2002,colectiva,desconocido,expo
ex.630,Exposición de arte gráfico francés*2002,2002,colectiva,desconocido,expo
ex.631,Antonio Caro*2002,2002,individual,si,expo
ex.632,Tres Fotográfos de la República Popular China*2002,2002,colectiva,si,expo
ex.633,Exposición de mujeres artistas colombianas*2002,2002,colectiva,desconocido,expo
ex.634,Acotaciones Entorno a la Fotografía*2002,2002,colectiva,si,expo
ex.635,Exposición de tapicería persa*2002,2002,colectiva,desconocido,expo
ex.636,Jaime Cárdenas*2002,2002,individual,si,expo
ex.637,Arquitectura Moderna en Colombia: Época de Oro*2002,2002,colectiva,desconocido,expo
ex.638,Vibraciones*2002,2002,colectiva,desconocido,expo
ex.639,Muestra de arte colombiano de los años 90 de la Colección de Museo de Arte Moderno La Tertulia*2002,2002,colectiva,desconocido,expo
ex.640,Tauromaquia*2003,2003,individual,desconocido,expo
ex.641,La María y Otras Series*2003,2003,individual,si,expo
ex.642,Marta Traba 1930 - 1983*2003,2003,colectiva,si,expo
ex.643,Elías Heim*2003,2003,individual,si,expo
ex.644,Homenaje a Ruquita*2003,2003,colectiva,desconocido,expo
ex.645,Exposición conmemorativa de los 10 años de vida del Taller de Restauración del Museo de Arte Moderno La Tertulia*2003,2003,colectiva,desconocido,expo
ex.646,Maestros Colombianos a través del Dibujo*2003,2003,colectiva,desconocido,expo
ex.647,Riesgo - Carlos Andrade y Todd Ayoung*2003,2003,colectiva,si,expo
ex.648,Francois Dolmetsch - Retrospectiva*2003,2003,individual,si,expo
ex.649,Muestra de arte gráfico latino-americano de la Colección del Museo de Arte Moderno La Tertulia 2003*2003,2003,colectiva,desconocido,expo
ex.650,Documentos fotográficos de Werner Herzog*2003,2003,individual,desconocido,expo
ex.651,Europeos en París*2003,2003,colectiva,si,expo
ex.652,Muestra de pintura y escultura latino-americana de la Colección del Museo de Arte Moderno La Tertulia 2003*2003,2003,colectiva,desconocido,expo
ex.653,Martín Chambi*2003,2003,individual,si,expo
ex.654,Grabados: 1942-2002 Enrique Grau*2003,2003,individual,si,expo
ex.655,"Ariza, Pintor de los Andes*2003",2003,individual,desconocido,expo
ex.656,X Salón Regional - Zona Sur*2003,2003,colectiva,desconocido,expo
ex.657,Una Mirada Intimista al Arte Colombiano*2003,2003,colectiva,si,expo
ex.658,Gráfica Norteamericana*2003,2003,colectiva,si,expo
ex.659,Muestra de pintura y escultura latino-americana de la Colección del Museo de Arte Moderno La Tertulia 2004*2003,2003,colectiva,desconocido,expo
ex.660,Kim Manresa*2004,2004,individual,si,expo
ex.661,República de la Palabra*2004,2004,colectiva,desconocido,expo
ex.662,Exposición de mujeres artistas*2004,2004,colectiva,desconocido,expo
ex.663,Enrique Buenaventura*2004,2004,individual,desconocido,expo
ex.664,Jaime Franco*2004,2004,individual,si,expo
ex.665,Arte americano 2004*2004,2004,colectiva,desconocido,expo
ex.666,Diez Metros Cúbicos: Cuarto Mundo*2004,2004,individual,si,expo
ex.667,Enrique Grau 1920 - 2004 y su generación*2004,2004,individual,si,expo
ex.668,Enrique Grau y Su Generación*2004,2004,colectiva,desconocido,expo
ex.669,Alberto Baraya y Víctor Robledo*2004,2004,colectiva,desconocido,expo
ex.670,XIX Bienal de Arquitectura Colombiana*2004,2004,colectiva,si,expo
ex.671,Muestra de fotografía de la Colección del Museo de Arte Moderno La Tertulia 2004*2004,2004,colectiva,desconocido,expo
ex.672,Exposición de calcografías del Louvre*2004,2004,colectiva,desconocido,expo
ex.673,Donación Botero 2004*2004,2004,individual,desconocido,expo
ex.674,Otro documento *2004,2004,individual,si,expo
ex.675,Dibujar en las Americas*2004,2004,colectiva,si,expo
ex.676,Fashion Art*2004,2004,colectiva,desconocido,expo
ex.677,Cafés Literarios*2004,2004,colectiva,desconocido,expo
ex.678,Muestra de Édgar Negret y de nuevas adquisiciones del Museo de Arte Moderno La Tertulia*2004,2004,colectiva,desconocido,expo
ex.679,Exposición-homenaje a Maritza Uribe de Urdinola*2004,2004,colectiva,desconocido,expo
ex.680,Muestra de maestros latino-americanos de la Colección del Museo de Arte Moderno La Tertulia 2004*2004,2004,colectiva,desconocido,expo
ex.681,El artista y la alquimia - Litografías del Tamarind Institute*2005,2005,colectiva,si,expo
ex.682,Muestra de arte gráfico latino-americano de la Colección del Museo de Arte Moderno La Tertulia 2005*2005,2005,colectiva,desconocido,expo
ex.683,"Muestra de escultura, fotografía y nuevas adquisiciones del Museo de Arte Moderno La Tertulia*2005",2005,colectiva,desconocido,expo
ex.684,Contra el Olvido*2005,2005,colectiva,si,expo
ex.685,François Dolmetsch Sinfonía desnuda*2005,2005,individual,si,expo
ex.686,El Retrato: Realidad y Percepción*2005,2005,colectiva,si,expo
ex.687,Exposición de Carlos Rojas 2005*2005,2005,individual,desconocido,expo
ex.688,Terrorista Colombiano*2005,2005,individual,desconocido,expo
ex.689,Exposición de Diego Pombo*2005,2005,individual,desconocido,expo
ex.690,Fragmentum*2005,2005,individual,si,expo
ex.691,Un Siglo de Grabado Chino*2005,2005,colectiva,desconocido,expo
ex.692,Pura Ilusión y Gente Brillante*2005,2005,colectiva,desconocido,expo
ex.693,Cali: Ciudad Visible*2005,2005,colectiva,desconocido,expo
ex.694,El Acontecer Social en la Vida de Pedro Nel Gómez*2005,2005,individual,si,expo
ex.695,Juan Antonio Roda - Grabados*2005,2005,individual,si,expo
ex.696,Ana Mercedes Hoyos - Antología *2005,2005,individual,si,expo
ex.697,Gustavo Hansson*2005,2005,individual,desconocido,expo
ex.698,En torno al Cuerpo*2005,2005,colectiva,si,expo
ex.699,Ciudad-quimera: Propuestas Utopicas para Cali*2005,2005,individual,desconocido,expo
ex.700,Salón Regional*2005,2005,colectiva,desconocido,expo
ex.701,Entre Siglos*2005,2005,colectiva,desconocido,expo
ex.702,Raheel Bruns*2005,2005,individual,desconocido,expo
ex.703,Salón de Arte Joven 2005*2005,2005,colectiva,desconocido,expo
ex.704,La Inmortalidad de los Inmortales y Cosas del Pasado*2006,2006,colectiva,desconocido,expo
ex.705,Eduardo Ramírez Villamizar y su Entorno*2006,2006,colectiva,si,expo
ex.706,Erika Diettes - Silencios*2006,2006,individual,si,expo
ex.707,Opus Senectus*2006,2006,individual,desconocido,expo
ex.708,Al Aire Libre: Paisajes*2006,2006,colectiva,desconocido,expo
ex.709,Diez Artistas Vallecaucanos*2006,2006,colectiva,si,expo
ex.710,Exposición de dibujo español del Siglo XX*2006,2006,colectiva,desconocido,expo
ex.711,El Gran Camino Inca*2006,2006,colectiva,desconocido,expo
ex.712,Sombras de Plata*2006,2006,individual,desconocido,expo
ex.713,Abstracción y Diáspora*2006,2006,colectiva,desconocido,expo
ex.714,Mi Selección Colombia*2006,2006,individual,si,expo
ex.715,Tropicales y Modernas: Arquitecturas Emergentes en Cali*2006,2006,colectiva,desconocido,expo
ex.716,La Arquitectura en Colombia y el Sentido del Lugar en los Últimos 25 Años*2006,2006,colectiva,desconocido,expo
ex.717,De la Memoria Urbana*2006,2006,individual,desconocido,expo
ex.718,Exposición de pintura infantil*2006,2006,colectiva,desconocido,expo
ex.719,Salón de Arte Joven 2006*2006,2006,colectiva,desconocido,expo
ex.720,Verdad y Simulación: Fotografía Colombiana de los Últimos 50 Años del Siglo XX *2006,2006,colectiva,desconocido,expo
ex.721,Muestra de pintura latino-americana de la Colección del Museo de Arte Moderno La Tertulia 2006*2006,2006,colectiva,desconocido,expo
ex.722,Estereotipos*2006,2006,colectiva,desconocido,expo
ex.723,Fotografías*2006,2006,individual,desconocido,expo
ex.724,XX Bienal de Arquitectura Colombiana*2006,2006,colectiva,desconocido,expo
ex.725,Muestra Iberoamericana de Bienales de Arquitectura *2006,2006,colectiva,desconocido,expo
ex.726,Travesía*2007,2007,individual,si,expo
ex.727,La Eva moderna*2007,2007,individual,desconocido,expo
ex.728,Bachs Carteles Cinematográficos*2007,2007,individual,si,expo
ex.729,"Pinturas, Dibujos y Grabados *2007",2007,individual,desconocido,expo
ex.730,Obra mas reciente*2007,2007,individual,desconocido,expo
ex.731,"Floras, Diana Saldarriaga*2007",2007,individual,si,expo
ex.732,Atrato*2007,2007,individual,si,expo
ex.733,Negreiros Retrospectiva Rompiendo espacios 1961–2007*2007,2007,individual,si,expo
ex.734,"Santiago Harker, Huellas de Plata - Photocali 2007*2007",2007,individual,si,expo
ex.735,Ómar Rayo - Fosíl del fuego Homenaje 80 años*2007,2007,individual,si,expo
ex.736,Artefacto*2008,2008,colectiva,si,expo
ex.737,La Casa Flotante*2008,2008,individual,si,expo
ex.738,Space Invaders*2008,2008,colectiva,si,expo
ex.739,Premonitoria*2008,2008,individual,si,expo
ex.740,Carteles Cinematográficos*2009,2009,individual,si,expo
ex.741,Máscaras*2009,2009,individual,desconocido,expo
ex.742,Expo antológica Ofelia Rodriguez*2009,2009,individual,desconocido,expo
ex.743,Paisajes de la conciencia*2009,2009,colectiva,si,expo
ex.744,"Eros, dolor y muerte*2009",2009,colectiva,si,expo
ex.745,Museo La Tertulia 54 años de historia*2010,2010,individual,si,expo
ex.746,Visiones del Arte Mexicano*2010,2010,colectiva,desconocido,expo
ex.747,Allora & Calzadilla*2011,2011,colectiva,si,expo
ex.748,Réquiem NN *2011,2011,individual,si,expo
ex.749,La Guerra que no Hemos Visto*2011,2011,individual,si,expo
ex.750,Siete Intelectuales en el Bosque de Bambú*2011,2011,individual,si,expo
ex.751,"""Negrita"" *2011",2011,colectiva,si,expo
ex.752,Rogelio Salmona. Espacios abiertos / espacios colectivos *2011,2011,individual,si,expo
ex.753,Miradas Transversales *2011,2011,colectiva,si,expo
ex.754,Ensayos Para Un Mundo Perfecto. Salón de Arte BBVA *2011,2011,colectiva,si,expo
ex.755,Reconfiguraciones *2011,2011,colectiva,si,expo
ex.756,Normativo*2011,2011,colectiva,si,expo
ex.757,Fotografia Contemporanea *2011,2011,individual,desconocido,expo
ex.758,Colección Abierta*2012,2012,individual,desconocido,expo
ex.759,Desde el Malestar: ¿Qué cosa es la verdad?*2012,2012,colectiva,si,expo
ex.760,"Bajo el cemento, la tierra*2012",2012,colectiva,si,expo
ex.761,Papel*2011,2011,colectiva,si,expo
ex.762,Segundo Guión de La Colección Permanente *2012,2012,individual,desconocido,expo
ex.763,Víctor Albarracín “El Tratamiento de las Contradicciones”*2012,2012,individual,si,expo
ex.764,Taking Care of Business. Un proyecto de Miami*2013,2013,colectiva,si,expo
ex.765,Tercer Guión de la Colección Permanente*2013,2013,individual,desconocido,expo
ex.766,Master/Copy: Juan & Wilson [1995 – 1998]*2013,2013,colectiva,si,expo
ex.767,Ready Zombie. Fernando Uhía y los noventa*2013,2013,individual,desconocido,expo
ex.768,Revolución y Simulacro. Estrategias de Guerrilla de Mercado*2013,2013,colectiva,si,expo
ex.769,Nueva Pintura Colombiana*2013,2013,colectiva,si,expo
ex.770,Observaciones Sobre la Ciudad de Polvo*2013,2013,colectiva,si,expo
ex.771,Protografías*2013,2013,individual,si,expo
ex.772,Cuarto Guión de la Exposición Permanente de la Colección*2014,2014,individual,desconocido,expo
ex.773,Testigo de oídas*2014,2014,colectiva,si,expo
ex.774,Rojo y Más Rojo. Taller 4 Rojo. Producción gráfica y Acción Directa*2014,2014,colectiva,si,expo
ex.775,Acueductos : Rosario López*2014,2014,individual,si,expo
ex.776,Fototropismos*2014,2014,individual,si,expo
ex.777,Quinto Guión de la Exposición Permanente de la Colección*2014,2014,individual,desconocido,expo
ex.778,El mejor equipo del mundo ¡hijueputa!*2014,2014,individual,desconocido,expo
ex.779,Inversiones & Valores*2014,2014,individual,desconocido,expo
ex.780,Cartografías de un mundo conocido*2014,2014,individual,si,expo
ex.781,Territorio en discusión*2014,2014,colectiva,si,expo
ex.782,Tejadita: viajero y sibarita*2014,2014,individual,si,expo
ex.783,I will always love you*2015,2015,individual,si,expo
ex.784,Sexta Rotación: La Colección del Museo La Tertulia en Diálogo con la colección de la Fundación Arte Vivo Otero Herrera*2015,2015,individual,desconocido,expo
ex.785,El Bucle*2015,2015,colectiva,si,expo
ex.786,La Condición Urbana *2015,2015,individual,si,expo
ex.787,Un hechizo en el espacio*2015,2015,colectiva,si,expo
ex.788,El diablo probablemente*2015,2015,colectiva,desconocido,expo
ex.789,Objeto Workshops*2015,2015,colectiva,desconocido,expo
ex.790,Pathosformel. Elementos para una pintura*2015,2015,individual,desconocido,expo
ex.791,Taumatropía. Metodología del engaño*2015,2015,colectiva,desconocido,expo
ex.792,Las cosas en si. Un sistema frágil. *2015,2015,colectiva,si,expo
ex.793,The Vultur Gryphus*2015,2015,individual,desconocido,expo
ex.794,Rompecabezas*2015,2015,individual,si,expo
ex.795,Planchas sobre la mesa*2015,2015,colectiva,si,expo
ex.796,Filatélica / Personajes irremplazables*2015,2015,individual,desconocido,expo
ex.797,Dash Shaw + Luis Echavaría: El fantasma que no se ve*2015,2015,colectiva,si,expo
ex.798,Nata de nata*2015,2015,individual,desconocido,expo
ex.799,Los detalles*2015,2015,individual,si,expo
ex.800,Colonia Infancia: El reino del arte para explorar los sentidos*2015,2015,colectiva,si,expo
ex.801,Rembrandt : 69 grabados 1630-1659*2015,2015,individual,si,expo
ex.802,Noche es Día*2015,2015,colectiva,si,expo
ex.803,Marimba Expandida*2016,2016,individual,si,expo
ex.804,Paciente. El cuerpo bajo sospecha*2016,2016,colectiva,si,expo
ex.805,Beatriz González: El segundo original*2016,2016,individual,si,expo
ex.806,Tratado sobre la insurrección de la pintura O El tercer lado del espejo*2016,2016,individual,si,expo
ex.807,Hacia un lugar común*2016,2016,individual,si,expo
ex.808,Future Perfect*2016,2016,colectiva,si,expo
ex.809,Manuel Hernández Dibujos y Pinturas*1986,1986,individual,si,expo
ex.810,La Forma Del Futuro*2016,2016,colectiva,si,expo
ex.811,Alex Rodríguez: Objetos de estudio para una república popular demediada*2016,2016,individual,si,expo
ex.812,Presentación y Representación*2008,2008,colectiva,si,expo
ex.813,Hacia el litoral*2016,2016,colectiva,si,expo
ex.814,Arte contemporáneo colombiano en el museo de arte moderno la tertulia *1997,1997,colectiva,si,expo
ex.815,Rutas de Fragmento a la Constelación*2015,2015,colectiva,si,expo
ex.816,Maria Thereza Negreiros *1997,1997,individual,si,expo
ex.817,Hilda Crovo - Pintura*1998,1998,individual,si,expo
ex.818,A propósito del lugar*2016,2016,individual,si,expo
ex.819,Seis Artistas Colombianos *2002,2002,colectiva,si,expo
ex.820,Herbario de Plantas artificiales - Alberto Baraya*2004,2004,individual,si,expo
ex.821,François Dolmetsch Fotografías - Retrospectiva *2005,2005,individual,si,expo
ex.822,Dibujos Españoles del siglo XX*2006,2006,colectiva,si,expo
ex.823,El arte como experiencia - Un museo con historia Colección La Tertulia*2012,2012,colectiva,desconocido,expo
ex.824,Monica Meira*2007,2007,individual,si,expo
ex.825,Alberto Cogno*1967,1967,individual,si,expo
ex.826,Francisco Todó*1970,1970,individual,si,expo
c.100,María de la Paz Jaramillo,1948,persona,Colombia,curador
c.8,Álvaro Barrios,n/a,persona,Colombia,curador
c.119,Óscar Muñoz,1951,persona,Colombia,curador
c.110,Miguel Ángel Rojas,n/a,persona,Colombia,curador
c.83,José Horacio Martínez,1961,persona,Colombia,curador
c.94,Lucas Ospina,1971,persona,Colombia,curador
c.93,Leonardo Herrera,n/a,persona,Colombia,curador
c.44,Elías Heim,1966,persona,Colombia,curador
c.12,Ana Tiscornia,n/a,persona,Uruguay,curador
c.125,Pierre Keller,n/a,persona,Suiza,curador
c.87,Juan Mejía,1966,persona,Norteamericana,curador
c.6,Alberto Sierra,n/a,persona,Colombia,curador
c.144,Wilson Díaz,1963,persona,Colombia,curador
c.22,Bernardo Ortiz,n/a,persona,n/a,curador
c.14,Andrés Fresneda,n/a,persona,n/a,curador
c.9,Álvaro Medina,n/a,persona,n/a,curador
c.82,José Alejandro Restrepo,n/a,persona,n/a,curador
c.88,Juan Pablo Fajardo,n/a,persona,n/a,curador
c.133,Sergio Trujillo Jaramillo,n/a,persona,n/a,curador
c.134,Soffy Arboleda de Vega,n/a,persona,n/a,curador
c.106,María Sol Barón,n/a,persona,n/a,curador
c.24,Camilo Ordóñez Robayo,n/a,persona,n/a,curador
c.23,Breyner Huertas,n/a,persona,n/a,curador
c.31,Carlos Tamayo,n/a,persona,n/a,curador
c.46,Éricka Flórez,n/a,persona,n/a,curador
c.68,Herlyng Ferla,n/a,persona,n/a,curador
c.69,Hermann Yusty,n/a,persona,n/a,curador
c.96,Luis Ricaurte,n/a,persona,n/a,curador
c.147,Yolanda Chois,n/a,persona,n/a,curador
c.35,Circular presents :Daniel Tejada & Sergio Zapata & David León & Adrián Gaitán,n/a,colectivo,n/a,curador
c.67,Helena Producciones,n/a,colectivo,n/a,curador
c.137,Un Lugar de la Plastica,n/a,colectivo,n/a,curador
c.19,Asociación Francesa de Acción Artística,n/a,organizacion,n/a,curador
c.34,Cinemateca de Berlín,n/a,organizacion,n/a,curador
c.38,Departamento de Artes Visuales del Ministerio de Cultura,n/a,organizacion,n/a,curador
c.40,Dirección de Patrimonio del Ministerio de Cultura,n/a,organizacion,n/a,curador
c.41,Doc Desing,n/a,organizacion,n/a,curador
c.47,Escuela Especial de Arquitectura/ESAP,n/a,organizacion,n/a,curador
c.49,Exposición realizada en el marco de PhotoCali 2007,n/a,organizacion,n/a,curador
c.54,Fundación MAPFRE,n/a,organizacion,n/a,curador
c.55,Fundación Rogelio Salmona,n/a,organizacion,n/a,curador
c.56,Galería de Francony de París,n/a,organizacion,n/a,curador
c.57,Galería Deimos de Bogotá,n/a,organizacion,n/a,curador
c.70,Instituto de Cultura Puertoriqueño,n/a,organizacion,n/a,curador
c.71,Instituto Tamarind de EE.UU.,n/a,organizacion,n/a,curador
c.72,Intituto Smithsonian de EE.UU.,n/a,organizacion,n/a,curador
c.113,Museo Beth Hatefutsoth,n/a,organizacion,n/a,curador
c.114,Museo de Francia,n/a,organizacion,n/a,curador
c.115,Museo Nacional de Ciencia y Tecnología de Canadá,n/a,organizacion,n/a,curador
c.116,Museo Nacional de Colombia,n/a,organizacion,n/a,curador
c.127,Propal S.A.,n/a,organizacion,n/a,curador
c.1,Abraham Restrepo,n/a,persona,n/a,curador
c.2,Acklyn Lynch,n/a,persona,n/a,curador
c.3,Alberto Moreno,n/a,persona,n/a,curador
c.4,Alberto Pérez,n/a,persona,n/a,curador
c.5,Alberto Quiroga,n/a,persona,n/a,curador
c.7,Alejandro Martín Maldonado,n/a,persona,n/a,curador
c.10,Ana María Lozano,n/a,persona,n/a,curador
c.11,Ana Sokoloff,n/a,persona,n/a,curador
c.13,Andrés Casanova,n/a,persona,n/a,curador
c.15,Andrés Pardo,n/a,persona,n/a,curador
c.16,Ángela Gómez Cely,n/a,persona,n/a,curador
c.17,Ángela Osorio,n/a,persona,n/a,curador
c.18,Angelika Stepken,n/a,persona,n/a,curador
c.20,Bélgica Rodríguez,n/a,persona,n/a,curador
c.21,Bengt Oldenburg,n/a,persona,n/a,curador
c.25,Carlos Arturo Fernández,n/a,persona,n/a,curador
c.26,Carlos Betancourt,n/a,persona,n/a,curador
c.27,Carlos Botero,n/a,persona,n/a,curador
c.28,Carlos Jiménez,n/a,persona,n/a,curador
c.29,Carlos Niño Murcia,n/a,persona,n/a,curador
c.30,Carlos Quintero,n/a,persona,n/a,curador
c.32,Carolina Ponce de León,n/a,persona,n/a,curador
c.33,Carolina Vanegas,n/a,persona,n/a,curador
c.36,Cristo Hoyos,n/a,persona,n/a,curador
c.37,Darío Ruiz,n/a,persona,n/a,curador
c.39,Diego L. Arango G.,n/a,persona,n/a,curador
c.42,Ed Love,n/a,persona,n/a,curador
c.43,Eduardo Serrano,n/a,persona,n/a,curador
c.45,Elkin Calderón,n/a,persona,n/a,curador
c.48,Eugenio Jaramillo,n/a,persona,n/a,curador
c.50,Federico Morais,n/a,persona,n/a,curador
c.51,Fiorella Gómez-Silva,n/a,persona,n/a,curador
c.52,Francisco Ramírez Potes,n/a,persona,n/a,curador
c.53,Franz Bader,n/a,persona,n/a,curador
c.58,George Smiths,n/a,persona,n/a,curador
c.59,Gérard Georges,n/a,persona,n/a,curador
c.60,Gerhnard Schack,n/a,persona,n/a,curador
c.61,Germán García,n/a,persona,n/a,curador
c.62,German Patiño,n/a,persona,n/a,curador
c.63,Germán Rubiano Caballero,n/a,persona,n/a,curador
c.64,Giancarlo Parodi,n/a,persona,n/a,curador
c.65,Gloria Delgado Restrepo,n/a,persona,n/a,curador
c.66,Guillermo Vanegas,n/a,persona,n/a,curador
c.73,Isabelle de Montfumat,n/a,persona,n/a,curador
c.74,Jaime Cerón,n/a,persona,n/a,curador
c.75,Jaime Tamayo,n/a,persona,n/a,curador
c.76,Javier Gil,n/a,persona,n/a,curador
c.77,Javier Mejía,n/a,persona,n/a,curador
c.78,Jenny Vilá,n/a,persona,n/a,curador
c.79,John Philips,n/a,persona,n/a,curador
c.80,Jorge Glusberg,n/a,persona,n/a,curador
c.81,Jorge Jaramillo,n/a,persona,n/a,curador
c.84,José Roca,n/a,persona,n/a,curador
c.85,José Ruiz,n/a,persona,n/a,curador
c.86,Juan Alberto Gaviria,n/a,persona,n/a,curador
c.89,Juan Rodríguez Varón,n/a,persona,n/a,curador
c.90,Juan Sebastián Ramirez,n/a,persona,n/a,curador
c.91,Laura Jiménez,n/a,persona,n/a,curador
c.92,Laura Puerta,n/a,persona,n/a,curador
c.95,Luis Ángel Parra,n/a,persona,n/a,curador
c.97,Marc Berkowitz,n/a,persona,n/a,curador
c.98,Marc Sagaert,n/a,persona,n/a,curador
c.99,María Claudia Parias,n/a,persona,n/a,curador
c.101,María Elvira Iriarte,n/a,persona,n/a,curador
c.102,María Fernanda Domínguez,n/a,persona,n/a,curador
c.103,María Inés Rodríguez,n/a,persona,n/a,curador
c.104,María Iovino,n/a,persona,n/a,curador
c.105,María Margarita Jiménez,n/a,persona,n/a,curador
c.107,María Teresa Guerrero,n/a,persona,n/a,curador
c.108,María Wills,n/a,persona,n/a,curador
c.109,Marta Traba,n/a,persona,n/a,curador
c.111,Miguel González,n/a,persona,n/a,curador
c.112,Monica Castillo,n/a,persona,n/a,curador
c.117,Nancy A. Corwing,n/a,persona,n/a,curador
c.118,Nathalia Azuero,n/a,persona,n/a,curador
c.120,Oscar Roldán-Alzate,n/a,persona,n/a,curador
c.121,Pablo Neruda,n/a,persona,n/a,curador
c.122,Philipp Ziegler,n/a,persona,n/a,curador
c.123,Piedad Casas de Ballesteros,n/a,persona,n/a,curador
c.124,Pierre Courcelles,n/a,persona,n/a,curador
c.126,Pieter Bos,n/a,persona,n/a,curador
c.128,Rafael Pérez y Pérez,n/a,persona,n/a,curador
c.129,Riccardo Giacconi,n/a,persona,n/a,curador
c.130,Rosa Perales Piqueres,n/a,persona,n/a,curador
c.131,Santiago Samper Trainer,n/a,persona,n/a,curador
c.132,Sebastián Ramírez,n/a,persona,n/a,curador
c.135,Sylvan Cole,n/a,persona,n/a,curador
c.136,Talila Greenberg,n/a,persona,n/a,curador
c.138,Verónica Wiman,n/a,persona,n/a,curador
c.139,Víctor Alcalde,n/a,persona,n/a,curador
c.140,Victoria Noorthoorn,n/a,persona,n/a,curador
c.141,Waldemar Sommer,n/a,persona,n/a,curador
c.142,William Contreras Alfonso,n/a,persona,n/a,curador
c.143,Willim Harris,n/a,persona,n/a,curador
c.145,Winston Kennedy,n/a,persona,n/a,curador
c.146,Yohanna Roa,n/a,persona,n/a,curador